topic,name,peak_year,n_peak_cs,runup,p_crash,accel,low_fwci_share_pre,fwci_mean_pre,awards_per_100_pre,review_share_pre,newcomer_share_pre,top3_share_inc,top1_name
10118,SARS-CoV-2 and COVID-19 Research,2022,12263,51.65067952791464,0.7922407877552022,0.02190654951759785,0.4287495680529207,3.977427198540461,1.6841750900827321,0.15251167040391758,0.8070505294065029,0.11887822634017207,Vaccines | Multidisciplinary Digital Publishing Institute
10168,COVID-19 and Mental Health,2021,11769,79.03739662717543,0.9941394254119921,0.13063882008803085,0.5958420704482462,2.2372565444874457,1.004265560125399,0.03340547594301891,0.9751521671601256,0.10407201028718388,International Journal of Environmental Research and Public Health | Multidisciplinary Digital Publishing Institute
11636,Artificial Intelligence in Healthcare and Education,2025,11187,10.624624361910797,0.25834484362661536,0.06850927554972697,0.5159286854478178,1.3788493782314521,0.81449911931323,0.10842065102745314,0.8787761144826183,0.04589326267978804,"Cureus | Cureus, Inc."
10753,Microplastics and Plastic Pollution,2025,8968,2.2543199027343648,0.045975814318776266,-0.04279143471905589,0.24864820700870713,1.7781967626212907,1.84235095348631,0.09212874208306272,0.6653811457996335,0.1215649743828598,Journal of Hazardous Materials | Elsevier BV
10438,"Energy, Environment, Economic Growth",2023,7643,5.069948164220313,0.10746559553029612,-0.040336111294680066,0.1528972490648637,9.784123199151738,0.00432338953739732,0.007148996110941795,0.710744336784258,0.30257413819057655,Environmental Science and Pollution Research | Springer Science+Business Media
10338,Advanced Sensor and Energy Harvesting Materials,2023,7511,1.7764003688065058,0.04603481225666859,-0.006462952510871034,0.18849553292085197,2.6309601304873005,0.5035295310903415,0.04115688754348259,0.5551496303323858,0.1448850833708878,Chemical Engineering Journal | Elsevier BV
10663,Advanced Battery Technologies Research,2025,7142,1.988735557098914,0.13030042319269655,-0.01618404336167134,0.3846790239881723,1.6719345963733263,0.8041101590918679,0.031478816917647506,0.6497742831226644,0.24082232011747431,Journal of Energy Storage | Elsevier BV
11491,CAR-T cell therapy research,2025,6258,1.7247458426816864,0.15235825546528484,-0.0012262208134847796,0.4766120782791096,2.3312957021638856,4.334363353687621,0.14346797853876433,0.5566420870053947,0.29171011470281544,Blood | Elsevier BV
10410,COVID-19 epidemiological studies,2021,5993,16.40112352443361,0.44423962262330496,0.03381507240843917,0.5460990676699551,1.350587523684206,1.9863051416810362,0.031026859278999546,0.8206074240087586,0.11746253049843151,PLoS ONE | Public Library of Science
10616,Smart Agriculture and AI,2025,5969,2.857221566946144,0.08428366443193248,0.019201409673372583,0.24422105831911045,4.124064806538996,0.8293710061355722,0.04019237007548667,0.7827681609716751,0.12783038287361054,Frontiers in Plant Science | Frontiers Media
11297,Ferroptosis and cancer prognosis,2025,5738,3.506700424175821,0.04802399503397683,-0.07383290378983176,0.1315341576395812,4.443209665338155,0.8237337730225559,0.08331124123904522,0.771196009469261,0.10862753290160852,Frontiers in Immunology | Frontiers Media
12422,Radiomics and Machine Learning in Medical Imaging,2025,5708,1.7538124444089986,0.10413685324692004,0.006107398827610133,0.5120065853502055,1.5975516601112123,0.49929962841752307,0.07247818051256759,0.687837433987125,0.09122248740387165,Cancer Research | American Association for Cancer Research
10783,Additive Manufacturing and 3D Printing Technologies,2024,5691,1.9128172235036318,0.07542593780825045,0.021807146588651793,0.39299282639426586,1.3089858332481177,0.5520157731089127,0.051125313164755305,0.6591539024068844,0.10673575129533679,Polymers | Multidisciplinary Digital Publishing Institute
11690,Advanced battery technologies research,2025,5476,2.3997018193511015,0.05759102004702303,-0.021070751834721513,0.11824741741917473,4.190534135317026,1.0631842570202013,0.02871958523537026,0.5665860046061727,0.20927808183476673,Chemical Engineering Journal | Elsevier BV
11091,Extraction and Separation Processes,2025,5122,2.1053217251983085,0.13499015269598297,0.02356877317795192,0.350295222344561,1.949884873794285,2.826080391521302,0.038928450917136655,0.6516820959015773,0.18222099141512046,Separation and Purification Technology | Elsevier BV
12705,Educational Reforms and Innovations,2024,4941,3.613351793717873,0.9339280380510118,0.20833623635214482,0.9683754723090715,0.03440310740969005,0.0,0.005455622562455441,0.888060252330178,0.45458715596330274,Advances in Education | None
10400,Network Security and Intrusion Detection,2025,4929,2.090848402762582,0.06956880618465366,0.007520534358443243,0.3459920397897697,1.9293887264848741,0.02409787354553741,0.024487035929961567,0.6990474656571092,0.10434307566238732,Scientific Reports | Nature Portfolio
10833,Vaccine Coverage and Hesitancy,2022,4695,3.9959161764803546,0.23694134752143342,0.015901610544810874,0.5502069032788056,2.048005277381506,1.4475970604623711,0.04707323102842471,0.7789572571498219,0.18129960317460317,Vaccines | Multidisciplinary Digital Publishing Institute
10226,Land Use and Ecosystem Services,2022,4664,1.9918653491229155,0.12824796527359802,0.025050881448399842,0.3002260660453792,1.8883966580759737,0.037066568338083666,0.019224624626576522,0.6190069883254034,0.3209428830462375,Land | Multidisciplinary Digital Publishing Institute
11368,Long-Term Effects of COVID-19,2021,4574,77.95358383099709,0.9953250937325262,0.10478636547019371,0.7443739773353406,1.4627634619815872,5.352511843450888,0.06832484633794056,0.9829175673486793,0.07087827426810478,Neurology | Lippincott Williams & Wilkins
10880,Environmental Sustainability in Business,2025,4544,1.9129535725770335,0.06039684374926141,0.02525131527675395,0.3074860022327851,3.1803443422013338,0.022329733721204535,0.024447557247472895,0.7483082889579307,0.06003062787136294,Academy of Management Proceedings | Academy of Management
11143,High Entropy Alloys Studies,2025,4374,2.1070218403264263,0.05729361457223286,-0.025802587696993173,0.13391666145789669,2.5391133909200865,0.9372197005491935,0.021265666027353414,0.5595405652254898,0.23084780388151174,Journal of Alloys and Compounds | Elsevier BV
10270,Blockchain Technology Applications and Security,2023,4315,4.105730785002117,0.03531587468258609,-0.1082167759290118,0.223453139689499,4.882667270799185,0.26416966115490537,0.03038353838035886,0.7507160644024222,0.09382329945269742,IEEE Access | Institute of Electrical and Electronics Engineers
12267,Diet and metabolism studies,2024,4210,1.5809679367626257,0.14546923024133737,0.1229259913894516,0.6104330551299156,1.1758920770693682,1.0846581455444178,0.13818326473892215,0.6985790235295307,0.06485277674245248,Current Developments in Nutrition | Elsevier BV
10763,Digital Transformation in Industry,2025,4137,2.187218709539461,0.06899825220111863,-0.009610410884923981,0.36215195081636936,2.5339084102944818,1.2475854195538578,0.044668667949932274,0.7671205961238089,0.05350438047559449,Procedia Computer Science | Elsevier BV
10036,Advanced Neural Network Applications,2023,4090,6.2362545365077064,0.09784820397649767,-0.0766471288607693,0.3511739750942176,2.3580211336520134,0.06868850888857705,0.011486801545462966,0.7125701035762134,0.13938053097345132,IEEE Access | Institute of Electrical and Electronics Engineers
11711,COVID-19 Pandemic Impacts,2021,3964,47.6876472603831,0.919273863386984,0.044581174408550917,0.6877434967115456,1.7231862694456233,0.22575783921636816,0.010282986540057727,0.9843851038136419,0.050856120623562484,Sustainability | Multidisciplinary Digital Publishing Institute
12046,MXene and MAX Phase Materials,2024,3939,2.4572236865246517,0.040672661357779964,-0.0008850859377356191,0.1357023132601393,2.675883767504105,0.6508366997430584,0.05688577380048332,0.6439769006704203,0.10865692910580692,Chemical Engineering Journal | Elsevier BV
12302,Advanced Nanomaterials in Catalysis,2025,3900,2.3678311530472156,0.058829927565520815,0.0071936703938548785,0.1752046128931736,2.0563037957350048,0.18933554499938823,0.06490995438994619,0.7021952118637828,0.15946610467158412,Microchemical Journal | Elsevier BV
11244,Climate Change and Health Impacts,2025,3824,1.6704982225338134,0.055513419802142305,-0.021916805166547038,0.3935231502438498,1.6945289611350114,2.551439920189577,0.10915178338521841,0.7323694988442854,0.04936530324400564,Frontiers in Public Health | Frontiers Media
10862,AI in cancer detection,2025,3786,2.2071223723276647,0.07686115812538996,0.02222862202035536,0.3177314471658837,2.3713217813506904,1.0837536936593954,0.054625309192143895,0.7308286417163541,0.12237882433826057,Scientific Reports | Nature Portfolio
10220,Machine Fault Diagnosis Techniques,2025,3760,1.7012976250787444,0.07232691075604651,0.017431284609831676,0.23408385081820512,2.758409341275371,0.2414855090450968,0.013116050524823111,0.6394724087019875,0.1359577922077922,Measurement Science and Technology | IOP Publishing
11891,Big Data and Business Intelligence,2025,3714,1.9009765506176592,0.12299222041198637,-0.015953922641920526,0.5223792534636135,1.5198694683421152,0.04263873450717823,0.03110448463687227,0.8289190282053099,0.11737245748582861,World Journal of Advanced Engineering Technology and Sciences | GSC Online Press
10883,Ethics and Social Impacts of AI,2025,3706,4.879833211251455,0.1725788636658864,0.07083874818497016,0.36904940815337595,3.677802253054288,1.5465194076810913,0.02583437039735724,0.779340999921001,0.12889561270801816,Academy of Management Proceedings | Academy of Management
10161,Rock Mechanics and Modeling,2022,3704,2.259657780736602,0.05237806788904948,-0.023263094082074387,0.19765477783403504,2.2065576951453334,0.17479471276199052,0.005309988956733174,0.5337832415406075,0.15695915279878972,Geofluids | Hindawi Publishing Corporation
11482,RNA modifications and cancer,2022,3704,1.9144905130545113,0.10032933934892528,0.035557423145075706,0.34401466055626423,2.265130029097945,5.639109407295241,0.11559405561577914,0.6859532990416527,0.13101406365655072,Frontiers in Genetics | Frontiers Media
11289,Single-cell and spatial transcriptomics,2025,3692,2.1038408765982655,0.07928723409442548,-0.008754865364682729,0.28306055459724855,3.4217080793757852,9.78527365329973,0.09809447500412376,0.6775662576280418,0.1199364575059571,Nature Communications | Nature Portfolio
11761,Resilience and Mental Health,2025,3682,1.65881206776119,0.10203026635844953,-0.01767895820398313,0.526266254003157,1.155280756020317,0.4037997073986259,0.04395949431219557,0.8130459590947932,0.059126847713991064,European Psychiatry | Cambridge University Press
10876,Fault Detection and Control Systems,2025,3619,1.6469075838918774,0.10595811587843008,0.020802777840042364,0.40890627134956875,1.2430335494459845,0.06843487980492573,0.01070524431419787,0.7027050350821126,0.09830648492358529,IEEE Transactions on Instrumentation and Measurement | Institute of Electrical and Electronics Engineers
11122,Online Learning and Analytics,2025,3585,2.0085919273880775,0.06287237676227923,0.011668133931111102,0.3617597065590156,2.5634233538331004,0.08598338280083466,0.040464940058820245,0.7869958832020888,0.05755649717514124,International Journal of Research and Innovation in Social Science | None
11512,Anomaly Detection Techniques and Applications,2025,3554,2.644316213527465,0.08135556558150597,-0.027982576172218776,0.363048479409932,1.735121055951315,0.16102746202954574,0.0169943144476513,0.7995108938607419,0.07036775106082037,IEEE Access | Institute of Electrical and Electronics Engineers
11948,Machine Learning in Materials Science,2025,3547,2.19664622086004,0.12313702752724288,0.02669002572412027,0.3508587528514095,1.580770653510348,4.963396766041675,0.03443406836766805,0.6779781081372311,0.1265406737880033,npj Computational Materials | Nature Portfolio
10768,Electric Vehicles and Infrastructure,2025,3524,1.657396294993179,0.09334506149567376,-0.005696316226215803,0.39627743760865536,1.4603798544047908,1.245367850812582,0.027231996495776806,0.698030716386533,0.11878574571051474,World Electric Vehicle Journal | Multidisciplinary Digital Publishing Institute
12128,AI in Service Interactions,2025,3453,7.297738614588801,0.14173577705494547,0.08357237626552005,0.33908164501663646,3.2391292208834153,0.5467775864930401,0.03740368848177007,0.8713639044538773,0.06483790523690773,International Journal of Human-Computer Interaction | Taylor & Francis
12937,Chemotherapy-related skin toxicity,2024,3415,4.068383173565492,0.9430399891481395,0.051638794452101955,0.9223051830074972,0.14715496626283212,0.0,0.01321091342227814,0.8859714703450168,0.9076124567474049,"Reactions Weekly | Adis, Springer Healthcare"
11784,CO2 Reduction Techniques and Catalysts,2025,3398,1.6209669018058392,0.057646572539327,-0.015169547498188996,0.22620645075263854,1.713040368365364,1.7919369276844466,0.03702740845652149,0.5683520137356911,0.15538057742782152,Angewandte Chemie International Edition | Wiley
11059,Market Dynamics and Volatility,2023,3392,1.7623946556945136,0.057885960094442315,0.010513802998931343,0.24612785302156379,4.5513304670788814,0.01651391297167864,0.004665212189563957,0.6115656067641484,0.19147961520842877,Finance research letters | Elsevier BV
11007,Hybrid Renewable Energy Systems,2025,3373,2.0199582292129006,0.12520923064857578,-0.01126239638596549,0.3921406908513673,1.7003728864758247,1.740287548912648,0.04752200124892388,0.7196404092757138,0.24095394736842105,International Journal of Hydrogen Energy | Elsevier BV
10764,Privacy-Preserving Technologies in Data,2025,3348,2.8118223992810343,0.06865204159338331,-0.03735910037882162,0.24957439605629408,2.397958578571249,2.0374263601600426,0.022085735630095138,0.6679319643961438,0.12877340466182652,IEEE Internet of Things Journal | Institute of Electrical and Electronics Engineers
10539,Sustainable Supply Chain Management,2023,3296,1.5798918092664476,0.05829812034617979,0.02044048353467942,0.2545896594984807,4.388288992311793,0.44191059826622126,0.04061813443256026,0.6571227192272971,0.17605985037406482,Sustainability | Multidisciplinary Digital Publishing Institute
12111,Industrial Vision Systems and Defect Detection,2024,3294,2.522466800691534,0.17865701965876463,0.06884413877538442,0.46366435459409844,1.2565700915846023,0.062202570964134195,0.01214189971566259,0.7921587331988355,0.09851654621529099,IEEE Access | Institute of Electrical and Electronics Engineers
11052,Energy Load and Power Forecasting,2025,3283,1.755726244476628,0.09763827595717924,-0.020325128974753914,0.4180742881133739,1.457107834750366,0.0955131101193591,0.015361724647252264,0.7394879316966602,0.11585092052088011,Energy | Elsevier BV
10586,Robotic Path Planning Algorithms,2025,3277,1.8866757200241595,0.11123353402056595,-0.027241801727105663,0.49922567859928074,0.9650843820655574,0.0804398531347757,0.011961355832470669,0.6920525764697283,0.09931212381771282,Drones | Multidisciplinary Digital Publishing Institute
12112,Ammonia Synthesis and Nitrogen Reduction,2025,3264,2.4242235183127803,0.07574869348526551,-0.0028831068502024326,0.22141088812103968,1.8593435766551798,2.299821160166014,0.031218666660658315,0.6205482551687971,0.1445887445887446,Chemical Engineering Journal | Elsevier BV
10028,Topic Modeling,2025,3248,2.239034053126017,0.054363656225457475,-0.026846507679600284,0.30583782498410167,2.0611642906951118,0.27847857699725453,0.01486358880395162,0.6488496392823179,0.09206740649404029,Scientific Reports | Nature Portfolio
14313,Health and Well-being Studies,2024,3203,1.853186431507313,0.4299663060706201,0.15735507309682184,0.7732478400150017,0.21349725390515814,0.0,0.026191652728861384,0.827249644237985,0.12663020614219606,Innovation in Aging | University of Oxford
10068,Technology Adoption and User Behaviour,2024,3165,1.5278584661965902,0.07091327361694263,0.079130530784292,0.3349376211916275,5.166443467972948,0.0,0.022278071649163025,0.7428755496780045,0.058489742470536885,International Journal of Human-Computer Interaction | Taylor & Francis
10682,Quantum Computing Algorithms and Architecture,2025,3158,1.848763768892594,0.06755099046080404,0.007510921148045302,0.27267604902956427,2.1697584742863434,3.9415883879911964,0.014649173550952597,0.5749525619189501,0.11143695014662756,PRX Quantum | American Physical Society
10115,Corporate Social Responsibility Reporting,2025,3151,1.5455308158533236,0.06574590335819873,0.06205595650658169,0.2727485498389917,4.060063003806524,0.009795278675678323,0.023281404238371276,0.6897414783280995,0.14216634429400388,Academy of Management Proceedings | Academy of Management
10210,Advanced oxidation water treatment,2022,3114,1.9672113641159479,0.04965728964747325,0.011648227696875013,0.12044888370597225,3.3388874226918452,0.200182468209502,0.03802764533411973,0.5604151691190603,0.2539454806312769,Separation and Purification Technology | Elsevier BV
10990,Infection Control and Ventilation,2021,3055,13.604555514649242,0.2501556847048421,0.06344409470448964,0.4177963792865767,3.6667428677103224,2.4219517958742505,0.06344177944646313,0.7902281581502871,0.0748181503290613,International Journal of Environmental Research and Public Health | Multidisciplinary Digital Publishing Institute
12038,Covalent Organic Framework Applications,2025,3033,1.741393123283124,0.042171294329548935,-0.01753965934551127,0.1130693602655648,2.537904532839748,0.6957848259677201,0.04275942812991775,0.6014676894091333,0.1644632469592808,Angewandte Chemie International Edition | Wiley
13882,Research studies in Vietnam,2025,2962,1.6821183200022758,0.7424324355094268,-0.16970143723748565,0.9577047599323302,0.037955076172790696,0.0,0.0001787060327814485,0.7377717488554335,0.6415832970856894,Tạp chí Y học Cộng đồng | None
10320,Neural Networks and Applications,2025,2925,2.1957306120108178,0.13790896172140477,0.019186815145734393,0.5515426783277227,0.7785020193060778,0.022941041523285157,0.008569643793188678,0.780420655430104,0.0595393307257714,IEEE Access | Institute of Electrical and Electronics Engineers
11995,"FinTech, Crowdfunding, Digital Finance",2025,2913,1.9819137158875078,0.1176706224680513,0.006745466628800045,0.46923917626264827,1.8184822349695076,0.10681634195874472,0.02301379444427465,0.847397377255365,0.10819949281487742,International Journal For Multidisciplinary Research | None
11606,Infrastructure Maintenance and Monitoring,2025,2899,1.9391993250617054,0.08648997752437357,-0.012033224630976447,0.36234013989174113,1.8051072057802335,0.5025780996536137,0.019540991281452952,0.7480090477076136,0.10437375745526839,Buildings | Multidisciplinary Digital Publishing Institute
11754,SARS-CoV-2 detection and testing,2021,2882,70.58782633803769,0.9837244178949561,0.11693562378494282,0.46833063421629495,1.359794909588443,12.802586456610507,0.062087768440709616,0.8709907040927245,0.10261780104712041,PLoS ONE | Public Library of Science
11006,BIM and Construction Integration,2025,2851,1.5054078234871175,0.15246380347344432,-0.0014452065502363887,0.5900472227816806,0.8927294940225715,0.6751583255526169,0.03782086318763937,0.732999786192008,0.14904862579281183,Buildings | Multidisciplinary Digital Publishing Institute
11147,Misinformation and Its Impacts,2022,2821,6.604305135531726,0.07409362611449119,-0.10432315622036681,0.3285348805673798,8.032521496967526,1.1444723400253662,0.01730180257143202,0.8402722420977394,0.05753739930955121,International Journal of Environmental Research and Public Health | Multidisciplinary Digital Publishing Institute
11987,COVID-19 Impact on Reproduction,2021,2804,37.60359248991649,0.8505129832163895,0.018683683809299856,0.7189497247200363,1.694946933297085,3.000932264360221,0.07835557576803048,0.9516048247601999,0.08900144717800289,American Journal of Obstetrics and Gynecology | Elsevier BV
11206,Model Reduction and Neural Networks,2025,2775,3.0242872542497765,0.08506551489348917,0.0019957666248875405,0.25224639313593866,2.2318678828115672,2.3231988799201018,0.004854880325088281,0.6828376989721021,0.13767783386874713,Physics of Fluids | American Institute of Physics
11519,Digital Mental Health Interventions,2025,2758,1.7973553694315947,0.07173413645400978,0.051434324722361646,0.33646942087240267,2.0954985123309053,4.923155982683281,0.13134676036477363,0.6991310084757801,0.0965553235908142,JMIR Formative Research | None
12702,Brain Tumor Detection and Classification,2025,2729,2.73165788074634,0.1532406950870143,0.009454095534761064,0.5129031067417374,1.2086693395821735,0.04716320729574678,0.03888259483885661,0.8378439942421494,0.12019022913964549,Scientific Reports | Nature Portfolio
10273,IoT and Edge/Fog Computing,2022,2674,2.241601998434519,0.05015280402488155,-0.08468717895378686,0.3303061305381643,2.5271059435346346,0.36881670044712767,0.03052042687926133,0.6915124853973618,0.14516920058852378,IEEE Internet of Things Journal | Institute of Electrical and Electronics Engineers
12008,Solar-Powered Water Purification Methods,2025,2656,1.956982680636484,0.07561743759757494,-0.0199075746394215,0.25126932828800613,1.4901693778898781,0.28446315488445556,0.04465550309140598,0.6570428542388628,0.26360725720384204,Chemical Engineering Journal | Elsevier BV
11344,Traffic Prediction and Management Techniques,2025,2655,1.8454842338847954,0.12946949523453286,0.04066610187024611,0.4360013377812039,1.3875682311861766,0.081322145444897,0.017806414281105645,0.7638503388573369,0.1006423982869379,Scientific Reports | Nature Portfolio
11869,Per- and polyfluoroalkyl substances research,2025,2619,2.162584889552653,0.0474360293247824,0.009215085068510653,0.15929798684602023,3.2917901316374105,4.6919300526790195,0.07879407029753246,0.6015483641847029,0.16487859966120835,Journal of Hazardous Materials | Elsevier BV
10408,Chronic Kidney Disease and Diabetes,2025,2614,1.5667774713220861,0.08573918278671383,0.0984822103400449,0.30606687604262417,2.0371990642945517,1.2933773676688851,0.09744266298965197,0.6549729824595413,0.1769809138230191,Journal of the American Society of Nephrology | American Society of Nephrology
10912,Telemedicine and Telehealth Implementation,2021,2598,5.019686860352153,0.22054128319646304,0.0731187123298982,0.5560692122499862,2.5918075183295275,0.9445867412099244,0.08207747927804188,0.8421599985681998,0.07517482517482517,"Telemedicine Journal and e-Health | Mary Ann Liebert, Inc."
14182,Technology-Enhanced Education Studies,2023,2593,3.546419559689512,0.13152752968838968,-0.05749136784412401,0.4290275995027792,2.6450447465392206,0.0,0.01521339527496447,0.8631083640904139,0.13713759779107226,"EDULEARN proceedings | International Academy of Technology, Education and Development"
11396,Artificial Intelligence in Healthcare,2024,2579,1.9430730095933337,0.12177886121612179,0.06624527791176926,0.38381752587522455,2.339468656486845,0.14761467009894103,0.042843652870289,0.8644111577650326,0.10574601641718977,AIP conference proceedings | American Institute of Physics
10731,Educational Games and Gamification,2025,2565,1.7918773732224869,0.07546637141421703,0.007579426392380961,0.41038786427333607,2.072199003330787,0.4537011600535252,0.032945349769670396,0.7860837731565699,0.0701051577366049,International Journal of Research and Innovation in Social Science | None
10648,Virtual Reality Applications and Impacts,2025,2537,1.9775151424527952,0.04872083210387189,-0.04952937017802639,0.34896429932236833,1.8724240081236634,0.9883172832347323,0.047114247594378385,0.7324056122737708,0.07934893184130214,Virtual Reality | Springer Science+Business Media
11668,interferon and immune responses,2025,2519,1.6288862097505736,0.057205968849931094,0.01343813948948136,0.25194240490137987,2.391823107978914,5.357881549980873,0.11800214961599975,0.7242991373376239,0.07222222222222222,International Immunopharmacology | Elsevier BV
12310,Crop Yield and Soil Fertility,2024,2471,1.8930922403865562,0.16474331766382697,0.07731301150635894,0.5264291350221414,1.2401158079949581,0.0,0.02238751092732665,0.6209563772569289,0.2029229904440697,International Journal of Research in Agronomy | None
11864,Supply Chain Resilience and Risk Management,2025,2441,2.136034318741291,0.06252870783298212,-0.021870780422770242,0.364392478541179,3.044008167132965,0.5152803659827455,0.030786201817409136,0.7728244721802789,0.0788229111928534,Sustainability | Multidisciplinary Digital Publishing Institute
11078,Inflammasome and immune disorders,2022,2409,1.904820573809702,0.047386002613622955,0.020381724080630104,0.295615479162544,2.496475711464782,3.909789297415662,0.17643919241373518,0.7074027595625164,0.10773480662983426,Frontiers in Immunology | Frontiers Media
11765,Circular RNAs in diseases,2021,2402,9.874181138946415,0.07504036648448373,-0.11336922848060649,0.21473275754502907,3.3408460051025757,2.1835761004986427,0.10189172188447908,0.8205254265329041,0.09602793539938892,Bioengineered | Taylor & Francis
11159,Manufacturing Process and Optimization,2024,2391,1.7199362425069784,0.23012567690539812,0.12923793104089443,0.6247440318917726,0.6309320533654764,0.3468357773817699,0.00922533125995536,0.7133252855947791,0.06641123882503193,Procedia CIRP | Elsevier BV
11775,COVID-19 diagnosis using AI,2021,2387,45.41142463987717,0.8167431018599476,0.032549862352359904,0.504838796422382,3.76862960467017,0.8445345662279035,0.0405205404488495,0.9428738009921221,0.08767471410419314,Journal of Physics Conference Series | IOP Publishing
13508,Agricultural Economics and Practices,2024,2345,1.8653065670022622,0.42589380298641843,0.028860516300317274,0.6285643470462529,0.5571972046684515,0.0,0.01863668654462662,0.6815477471657946,0.37927406628090476,International Journal of Agriculture Extension and Social Development | None
10843,Diversity and Career in Medicine,2021,2335,2.340873199482731,0.11609798948438738,0.020529210857634483,0.3862661823850053,3.007551192018727,1.100856307409832,0.051247247381074564,0.7535703287580321,0.0884009009009009,British journal of surgery | Oxford University Press
12017,Recycling and Waste Management Techniques,2024,2312,1.6410365159082994,0.10254342401617976,0.04972972161296618,0.46834394890775516,1.550637093115304,0.574486250230189,0.05000891717395834,0.7583354262294435,0.07902924704418171,Chemical Engineering Journal | Elsevier BV
11133,UAV Applications and Optimization,2025,2258,1.955400513997059,0.06091318409786864,0.015345256325720369,0.16607263104404613,10.050365437725347,1.480823105626033,0.020995058675336024,0.6741148545448409,0.15478484264611433,Drones | Multidisciplinary Digital Publishing Institute
13003,Regional Development and Environment,2024,2256,2.589039388109801,0.7388018919662762,0.1914748531190118,0.761206513084577,0.3518933046310921,0.0,0.004176732011376049,0.9080354146064873,0.2638345444382337,Open Journal of Legal Science | None
12120,Air Quality Monitoring and Forecasting,2025,2241,1.6239707352254416,0.11444763529009165,0.003042587884576786,0.48819661157862254,0.9649960817731351,0.5776184565122556,0.026702534480227937,0.7668350267800674,0.0996309963099631,Atmosphere | Multidisciplinary Digital Publishing Institute
13053,SMEs Development and Digital Marketing,2023,2192,1.784623877573174,0.13471122611928166,-0.03226015274951122,0.4678482150344538,1.1574248916306236,0.0,0.000849479285062895,0.701252164464525,0.08135593220338982,Jurnal Ilmiah Manajemen Ekonomi & Akuntansi (MEA) | None
12352,Heparin-Induced Thrombocytopenia and Thrombosis,2022,2175,5.153749417414541,0.8233206918781549,0.16130484994090266,0.6432207727592383,1.8131758985467965,1.4863620223866543,0.06835778974810021,0.8162561095852706,0.6913133402275078,"Reactions Weekly | Adis, Springer Healthcare"
11458,Advanced Wireless Communication Technologies,2023,2161,3.3603053222408086,0.0835789859461456,-0.039386825799581304,0.23213246835258053,2.8595430881458674,0.89379412245419,0.0069187596052016674,0.5948304502934257,0.2802197802197802,IEEE Transactions on Vehicular Technology | Institute of Electrical and Electronics Engineers
10755,HER2/EGFR in Cancer Research,2025,2151,1.6869543829892844,0.10087776762697849,0.06792955250949939,0.4388573498347557,2.2189963351565365,1.3520464480112986,0.14550089735905955,0.6350045947917617,0.24236252545824846,Annals of Oncology | Elsevier BV
11326,Stock Market Forecasting Methods,2025,2126,1.9439330519687907,0.08997321109324918,-0.007502485699958594,0.4365032538498311,1.6726665296476002,0.05642694815146352,0.01644143048696906,0.8301543022163836,0.07090909090909091,AIP conference proceedings | American Institute of Physics
10917,Smart Grid Security and Resilience,2025,2110,1.8196837605367222,0.09252915826959468,0.0491030246077,0.346895984891207,1.6073399128264747,1.8079905481154264,0.02578445373124817,0.6795007399875853,0.0878148400272294,IEEE Internet of Things Journal | Institute of Electrical and Electronics Engineers
11536,Consumer Retail Behavior Studies,2025,2015,1.541839335451231,0.09325806126624453,-0.01816024272901373,0.5093422620186919,1.3568569895275482,0.05875739410957124,0.018128479669546015,0.7959336439403772,0.08176943699731903,International Journal For Multidisciplinary Research | None
10664,Sentiment Analysis and Opinion Mining,2025,2009,1.5028116858282332,0.07007138122906621,-9.196314249249049e-05,0.36022267999928426,1.431659502529402,0.10981875309014766,0.022607171102855803,0.7705257958347292,0.10394021739130435,AIP conference proceedings | American Institute of Physics
12439,Dental Research and COVID-19,2021,1937,4.052857161388558,0.2246056677050131,-0.004343673348817578,0.6890750636185118,1.0771360687619946,0.19835462164570503,0.046764754277919596,0.8642370950189556,0.12794811320754718,Journal of Dental Education | Wiley
12190,Innovations in Concrete and Construction Materials,2024,1927,1.8447300528510886,0.1953038475379178,0.043546638027245566,0.5365463406781111,1.2432522048142536,1.2424039350039005,0.03284233905906173,0.7387761482589346,0.2063380281690141,Journal of Building Engineering | Elsevier BV
12336,Insect Utilization and Effects,2025,1886,1.645199511732629,0.05137924934662156,-0.023128004407931835,0.31690760491962977,2.6240444839498,1.2817002871925043,0.056195605006724825,0.7288337426624109,0.12709284627092846,Journal of Insects as Food and Feed | None
12501,Digital Economy and Work Transformation,2025,1879,1.9607653085870553,0.10748232676838125,0.006053220605482412,0.4774865983831607,3.1512748010075478,0.9614937617696134,0.015156107854923717,0.7909771902559131,0.07272727272727272,Academy of Management Proceedings | Academy of Management
11099,Autonomous Vehicle Technology and Safety,2025,1874,1.912516119244691,0.13713853532265086,0.01569504938230759,0.46724772924137925,1.121176856023003,1.0865740901196486,0.017947167738045815,0.7417585990053053,0.11385767790262172,IEEE Transactions on Intelligent Transportation Systems | Institute of Electrical and Electronics Engineers
13830,Educational Curriculum and Learning Methods,2023,1844,2.41120389892985,0.17786507251896175,-0.04475943713227415,0.42048034498208225,2.255295245949567,0.0,0.0015800392332273037,0.7508586612712769,0.20749479528105483,Jurnal Penelitian Pendidikan IPA | None
13154,Legal and Regulatory Analysis,2025,1829,1.9631041028560279,0.914593197804105,0.19171587731932727,0.8886408732979,0.09567860554718759,0.0,0.0007249817422205866,0.9303356856957997,0.5821404226312201,Экономика и предпринимательство | None
10667,Emotion and Mood Recognition,2025,1819,2.7559410361883834,0.09184947117845571,0.0506167832733988,0.29500368891005985,2.7340520710796627,1.147719365976762,0.02845739047150536,0.7752466648127792,0.10617626648161,Scientific Reports | Nature Portfolio
11273,Advanced Graph Neural Networks,2025,1779,3.406263808073171,0.10788362650419074,-0.03765645001204687,0.3051864960923563,1.7649388548463818,1.8574037996999326,0.010980521912335686,0.683535262834901,0.16494845360824742,Knowledge-Based Systems | Elsevier BV
11767,Poxvirus research and outbreaks,2023,1757,7.255914918810697,0.1654447408363096,0.10504795577584503,0.41488979245859237,2.008179031404373,5.4087952455061306,0.08931801999082452,0.7518603010408195,0.07806691449814127,Journal of Medical Virology | Wiley
10186,Nursing education and management,2025,1753,1.6801675102376232,0.06683879846319657,0.06955923768112449,0.2877043126039049,1.4944431804232685,0.10367166295727177,0.10034958099027018,0.6970822925041261,0.2379702537182852,BMC Nursing | BioMed Central
13702,Machine Learning in Healthcare,2025,1746,2.8247717355784654,0.09978468625008217,0.060206660147486435,0.33083102233865663,2.275576307007084,2.5007455091890063,0.06336757735393213,0.8121209487928089,0.07560627674750357,Scientific Reports | Nature Portfolio
11814,Advanced Manufacturing and Logistics Optimization,2024,1702,1.6446178860698324,0.20376966824209752,0.10968863579820964,0.5956014589130109,0.6863875524513938,0.30918699315562365,0.013333890273970242,0.7841417242360439,0.06402695871946082,AIP conference proceedings | American Institute of Physics
12408,Educational Innovations and Challenges,2021,1687,1.6012438357648262,0.4099354861389345,-0.01819054096168382,0.6725921672621041,0.406575072513097,0.0,0.0009115259399585391,0.8355803759126696,0.3184601924759405,SHS Web of Conferences | EDP Sciences
13706,Management and Optimization Techniques,2024,1685,1.7710245949589145,0.38378232904836407,0.055458770707098815,0.7176493969563783,0.245817830924655,0.0,0.001906905188688594,0.7548712472829106,0.12480127186009539,Journal of Economic Bussines and Accounting (COSTING) | None
11622,Maritime Navigation and Safety,2025,1623,1.8041282382187829,0.19306886762123543,0.04435871896154042,0.41173445733202224,1.6055137376437767,0.9912372880659248,0.014262473931301428,0.7187378117331745,0.2575503355704698,Ocean Engineering | Elsevier BV
11689,Adversarial Robustness in Machine Learning,2025,1584,3.2976125400197174,0.07402499383181288,-0.0464179791947914,0.3067675400532011,1.559973426080462,2.122711309454128,0.012114208647373873,0.7087775656606464,0.1013719512195122,IEEE Transactions on Information Forensics and Security | Institute of Electrical and Electronics Engineers
12442,Thermal Radiation and Cooling Technologies,2025,1575,1.7840289255881003,0.06208189573314901,0.015230545844855836,0.21618965618392882,3.001931095759847,1.2362711678321294,0.01978994422845827,0.6318982179630764,0.1416819012797075,Advanced Functional Materials | Wiley
12334,Lung Cancer Research Studies,2025,1567,1.655887113967659,0.1281171091485233,-0.01719613218218141,0.5004817492669105,1.3489700543030876,1.4903846615804313,0.0858104026767858,0.6676238287836972,0.22648752399232247,Journal of Thoracic Oncology | Elsevier BV
10813,Sport Psychology and Performance,2025,1537,1.5421952548912599,0.08089173548184435,0.11232382368294824,0.3120777148976057,2.3285317709379654,0.7596880320622041,0.06413147469318321,0.6295622636074969,0.18657453109575517,Frontiers in Psychology | Frontiers Media
11977,Technology Use by Older Adults,2025,1524,2.2882264255720535,0.08065729743168804,0.03035030298973851,0.3629341022502701,5.877558210752789,0.8828407694571543,0.06410797366049055,0.7531901306719911,0.14391447368421054,Innovation in Aging | University of Oxford
14139,E-commerce and Technology Innovations,2024,1506,1.9752245787706992,0.3277118108703884,-0.016447395308635482,0.667702487128201,0.5725887306002425,0.0,0.003673980686276565,0.8954048967686296,0.14757878554957723,Applied Mathematics and Nonlinear Sciences | De Gruyter
10734,Information and Cyber Security,2025,1504,1.5793177953561175,0.08022728046586276,0.026613321623784936,0.42104429125383164,2.1362417980707678,0.6265191375598899,0.026207641410819965,0.748494282493314,0.0627208480565371,World Journal of Advanced Research and Reviews | GSC Online Press
12407,Plant Growth Enhancement Techniques,2025,1498,1.8314004534417605,0.08679341442121062,0.05294613066837961,0.3800752152325988,2.4099987351751024,0.7255528990459655,0.0333551460631485,0.7576022420947748,0.10619469026548672,International Journal of Research in Agronomy | None
14254,Digital Media and Visual Art,2023,1492,1.5889952636946927,0.4994086478859514,0.06648446184821077,0.7184790256785215,0.4949860345724324,0.0,0.0035331936593208067,0.8830655812146762,0.2627450980392157,Applied Mathematics and Nonlinear Sciences | De Gruyter
11714,Multimodal Machine Learning Applications,2025,1485,3.2283755579782873,0.11512463292571502,0.05231170525515694,0.3469068713977761,1.9391419430661088,0.8701968830006303,0.01135983427395388,0.707809672451483,0.10657785179017486,Expert Systems with Applications | Elsevier BV
11302,CO2 Sequestration and Geologic Interactions,2025,1479,2.0543882540277503,0.09984569919757269,0.056870134708159714,0.34173059904375136,1.7006283706831289,5.260496085469577,0.03636921914067934,0.627382427280503,0.12149532710280374,Energy & Fuels | American Chemical Society
10061,Algebraic Geometry and Number Theory,2022,1477,1.5507700109093094,0.07364497168244333,0.09704670703146645,0.3354524567780666,1.163407516068303,4.664048577092055,0.00023573785950023574,0.3224876519423992,0.12302839116719243,Annales de l’institut Fourier | Association of the Annals of the Fourier Institute
12599,Retinal and Optic Conditions,2021,1476,3.1943001432403078,0.2430056258774673,0.020171072985295524,0.7499064142048977,0.9046090833295374,0.08338544923910778,0.05476074692712648,0.734972614423599,0.17518248175182483,Indian Journal of Ophthalmology | Medknow
11490,Hydrological Forecasting Using AI,2025,1474,1.7989960224315658,0.065874832324157,0.018449659607353563,0.33892118220157047,1.6150050919976708,0.052174944963880816,0.01835137771740818,0.7603108373699395,0.10124164278892073,Scientific Reports | Nature Portfolio
13444,Medical Research and Treatments,2022,1465,1.8721995515334264,0.7476437666546916,0.16113851259428036,0.8840932229294535,0.10619810306842281,0.0,0.006832747268725914,0.8543884795949394,0.2791095890410959,Advances in Applied Mathematics | None
10694,Menopause: Health Impacts and Treatments,2025,1437,1.723599461953716,0.07377866230656327,0.09802285732826288,0.34215532233118084,1.7618574603924386,5.610329108353068,0.15554053530244008,0.6937765018897549,0.12173913043478261,Maturitas | Elsevier BV
11779,Higher Education and Employability,2025,1425,1.736653253042069,0.10147096933228472,0.04751812659678323,0.4525348726666841,3.541919307570128,0.1290477077402017,0.027422628817033213,0.8320688810764917,0.09579230080572963,International Journal of Research and Innovation in Social Science | None
11892,Kawasaki Disease and Coronary Complications,2021,1418,3.1489061146513744,0.14450791636795118,0.09917973138185388,0.512873592917488,2.9032046906670996,2.107899872123315,0.0779925745294856,0.7306087576345988,0.09319899244332494,Frontiers in Pediatrics | Frontiers Media
12042,Satellite Communication Systems,2025,1411,2.5115567305263404,0.11358304296740143,0.037936987080426476,0.2570735914511189,6.9272719359490935,1.1784599090487973,0.007596604220111308,0.6688827281031214,0.22252497729336967,IEEE Internet of Things Journal | Institute of Electrical and Electronics Engineers
12611,Neural Networks and Reservoir Computing,2025,1372,2.457859288116855,0.0961915708329487,0.00019737108482731358,0.3498671558643303,2.1537721455844125,3.639124086515347,0.009696080656348041,0.6575048378297618,0.11770334928229666,Nature Communications | Nature Portfolio
14260,Impact of AI and Big Data on Business and Society,2025,1367,3.5221863177005166,0.17820511390650026,-0.02329032288062982,0.6163023338026759,0.9101209620943423,0.0,0.029805752107856995,0.951299658774237,0.09501187648456057,International Journal For Multidisciplinary Research | None
12026,Explainable Artificial Intelligence (XAI),2025,1363,4.8834726088969,0.08837384140924419,0.014570138505625163,0.28607684182200327,3.3707334570679293,3.8859363830806326,0.04513814742204477,0.815258092580906,0.06823720552396426,Applied Sciences | Multidisciplinary Digital Publishing Institute
12389,Infrared Target Detection Methodologies,2025,1352,2.9956268275482114,0.18019927557315812,0.0586042869062493,0.36680468318770526,5.759975409089151,0.0,0.005131660035433896,0.7968725641255409,0.20444824636441403,IEEE Transactions on Geoscience and Remote Sensing | Institute of Electrical and Electronics Engineers
11070,Soviet and Russian History,2025,1344,1.7222313685460007,0.3836368645093419,0.10936198290858457,0.827420236758448,0.47814199424921555,0.3425747467259699,0.002181561192467737,0.7834980751584535,0.08755274261603375,Slavic Review | Cambridge University Press
10653,Robot Manipulation and Learning,2025,1342,1.7156478718185788,0.057632078849584656,0.0051252952580918,0.309751581715537,1.6699431635604858,1.1910214640244974,0.015515201023094031,0.6268385434890426,0.09483793517406963,IEEE Transactions on Automation Science and Engineering | Institute of Electrical and Electronics Engineers
12258,"Perfectionism, Procrastination, Anxiety Studies",2025,1340,1.625942493846711,0.08831617365701638,0.020335206752092105,0.4692420259334804,1.3760857766305186,0.16908015384057884,0.026789224928175454,0.8337875573720982,0.06776556776556776,BMC Psychology | BioMed Central
11840,Pain Management and Treatment,2025,1329,1.7541729941606579,0.210595876705964,0.06973880442611158,0.5301573152228155,1.2807248547250694,1.028617320004376,0.1159864675027643,0.6932964979948651,0.3363544813695871,Neuromodulation Technology at the Neural Interface | Elsevier BV
13890,Remote Sensing and Land Use,2024,1325,2.3388294020674163,0.4897201599674079,0.1930901042762967,0.68622591874368,0.41580018257935397,0.0,0.01037953419624355,0.7804105893325373,0.16427889207258833,IEEE Transactions on Geoscience and Remote Sensing | Institute of Electrical and Electronics Engineers
11307,Domain Adaptation and Few-Shot Learning,2023,1322,6.5194410470848245,0.07129801857851775,-0.07267712151972372,0.2487829407647076,3.6487991880971578,0.5473677175297432,0.009216330604374172,0.7109263659595214,0.15488215488215487,Pattern Recognition | Elsevier BV
12553,Psychedelics and Drug Studies,2025,1315,2.282283012742415,0.04264503215072008,-0.008509091758775789,0.3416097263087197,3.945350375446196,4.075691449703321,0.16017295301333165,0.6908025670634018,0.08108108108108109,The International Journal of Neuropsychopharmacology | University of Oxford
14393,"Health, Environment, Cognitive Aging",2024,1297,1.6590098445714023,0.30267949523413545,0.1262897192836805,0.6985208220619071,0.8651382029978655,5.316389779100284,0.08115590992810119,0.7263857751778414,0.0735826296743064,Value in Health | Elsevier BV
12054,Menstrual Health and Disorders,2025,1295,1.707870274595819,0.09788346108300114,0.06506751535291544,0.45549630382903655,1.3684955197450368,1.8932453524103503,0.0830291773482244,0.8229887130289515,0.061361457334611694,BMC Women s Health | BioMed Central
13624,Social Sciences and Policies,2024,1282,1.845798226035043,0.4354437181859977,0.12961653487706526,0.8102619991665008,0.5304328842876913,0.0,0.0007229605223187332,0.6596395597812831,0.20042643923240938,Revista Española de Investigaciones Sociológicas | Centro de Investigaciones Sociológicas
11652,Imbalanced Data Classification Techniques,2025,1275,1.921273715720587,0.07415223481812272,0.007721157599377637,0.3464722427257955,1.9342259414749334,0.22922914893061716,0.020871556543668176,0.8526564526323727,0.08919722497522299,International Journal for Research in Applied Science and Engineering Technology | International Journal for Research in Applied Science and Engineering Technology (IJRASET)
14462,Educational Methods and Impacts,2023,1262,1.9344963565735263,0.18291099201934766,-0.0550592908178964,0.41304401299291604,1.614460160933022,0.0,0.002899692273862313,0.8000668763403795,0.2439516129032258,Jurnal Obsesi Jurnal Pendidikan Anak Usia Dini | Universitas Pahlawan Tuanku Tambusai
11526,Innovative Teaching Methods,2021,1252,1.5732745001325197,0.12278765697441399,-0.021954654490090153,0.4464444344406209,3.79806710843981,0.043479346835143366,0.017288687724738464,0.8297640418435526,0.21087680355160932,Journal of Physics Conference Series | IOP Publishing
13867,Economic Growth and Development,2025,1230,1.5244541112460728,0.11186143950477959,0.01342574618870529,0.5059678332966947,1.6041063902517687,0.0,0.014018092201878427,0.8577632643411874,0.0951417004048583,International Journal of Research and Innovation in Social Science | None
12338,Digital literacy in education,2025,1213,2.182386375104236,0.07161020649539303,-0.0013162161498618818,0.4200468413106136,2.5570993258988923,0.025542784163473817,0.02158359191984442,0.8215680634606178,0.07177974434611603,International Journal of Research and Innovation in Social Science | None
12205,Time Series Analysis and Forecasting,2025,1212,2.005051433194159,0.08911935582298451,0.043621439215672186,0.3631726169454746,1.7456489948035632,0.14009301205815006,0.012697209285099787,0.7973493458154536,0.08867521367521368,Knowledge-Based Systems | Elsevier BV
11398,Hand Gesture Recognition Systems,2025,1207,1.509901682988508,0.10421325893394497,0.021542358838941844,0.4246121490748822,0.9954763624483176,0.3884857292687581,0.019630222895945706,0.8143228753375514,0.12694877505567928,AIP conference proceedings | American Institute of Physics
14071,Healthcare during COVID-19 Pandemic,2022,1203,4.120672141116606,0.7502065436816032,0.02489190242882544,0.6722353752263229,0.4194546232473321,0.0,0.007722619315672019,0.8778685901032999,0.5720930232558139,Research Society and Development | Grupo de Pesquisa Metodologias em Ensino e Aprendizagem em Ciências
12752,Global Peace and Security Dynamics,2024,1198,1.6217856919504212,0.2886341197615373,0.09187481888474469,0.7060901363528611,1.189838656174464,0.025425883549453344,0.004244788226136569,0.7637267925788165,0.17627118644067796,Africa Research Bulletin Political Social and Cultural Series | Wiley
10775,Generative Adversarial Networks and Image Synthesis,2025,1191,2.0458053666819382,0.12946491418287842,0.03719994073312005,0.43909483792079257,1.80723343934509,0.8670662827143878,0.01654372230495132,0.7606226168269994,0.10204081632653061,Neurocomputing | Elsevier BV
11886,Agricultural risk and resilience,2025,1184,1.5541159156429878,0.08724518505649524,-0.004844543469677998,0.47116783385075817,0.9023747192126548,0.27613433524287634,0.021228997735607963,0.7748852096581923,0.09518477043673013,International Journal For Multidisciplinary Research | None
11105,Advanced Image Processing Techniques,2023,1183,2.1584428788029157,0.08743983393449341,-0.021180999032486714,0.41617249833210296,1.4762138386388342,0.12266176019625881,0.006049477159517606,0.6750085844398471,0.1159090909090909,Multimedia Tools and Applications | Springer Science+Business Media
10719,3D Shape Modeling and Analysis,2025,1177,1.864466862410737,0.05796134699011736,-0.003884139291477684,0.2862614398184083,2.381978999856488,0.3487955500089814,0.007201667955153558,0.6818199875977197,0.08633093525179857,Neurocomputing | Elsevier BV
12247,Microbial Applications in Construction Materials,2025,1177,1.7704036693521774,0.04913776288031739,0.010821816169643395,0.25844867459893256,1.6029478447216345,1.6560352550658444,0.06286766315602087,0.6599596506899307,0.12165450121654502,Journal of Building Engineering | Elsevier BV
12446,Economic Growth and Fiscal Policies,2024,1174,2.297496689083808,0.2874735820507364,0.09000754584113402,0.5249001365027358,0.5081448396162902,0.0,0.0006577767334831525,0.7462713550621056,0.15260115606936417,Journal of Economic Bussines and Accounting (COSTING) | None
12647,Traditional Chinese Medicine Studies,2025,1171,1.7387171015255203,0.17313513940303524,0.06620828929464162,0.5402391621039221,1.3061008075735403,0.025680534155110426,0.061141624026990894,0.7915806045561968,0.12540192926045016,Traditional Chinese Medicine | Hans Publishers
12385,Food Quality and Safety Studies,2024,1171,1.8629202473003403,0.3424324061020997,0.15086683510054266,0.7339534741146715,0.38210918210239325,0.0,0.01008553851637991,0.7190768298802886,0.12339930151338765,Culinary Science & Hospitality Research | Culinary Society of Korea
11835,Sustainability in Higher Education,2025,1143,2.111040751025545,0.10282934076483546,0.10940715059493211,0.4032243520612331,6.485797256201811,0.39851680221928004,0.029597117807007436,0.8219070577377786,0.07352941176470588,International Journal of Sustainability in Higher Education | Emerald Publishing Limited
11993,Atomic and Subatomic Physics Research,2024,1135,1.5145811152340636,0.14728171969189097,0.08409179048226267,0.48804408286162726,1.1859747135201086,4.844787531803554,0.021411630839524267,0.5823784747505354,0.09957924263674614,Measurement | Elsevier BV
12109,"Race, Identity, and Education in Brazil",2025,1124,2.197922321138191,0.5211915404685518,0.1437686042343551,0.8181253516321013,0.20779163127680844,0.0,0.0004876838485405501,0.8133069935840723,0.06548279689234185,Diversidade e Educação | Federal University of Rio Grande
10726,Career Development and Diversity,2025,1122,1.5355071506362303,0.17801014779905297,0.02945786791108862,0.46313434406573845,1.2131527169003904,9.057748356516251,0.027014032007138627,0.7346701464317582,0.08019441069258809,Academy of Management Proceedings | Academy of Management
13146,Sustainable Finance and Green Bonds,2025,1118,5.302955186511993,0.14834331386251967,0.06209938705588591,0.4183928676401794,2.905820689905077,0.6514429882805975,0.022099245546607183,0.8793923082486114,0.09239653512993262,Finance research letters | Elsevier BV
11943,Pharmacovigilance and Adverse Drug Reactions,2025,1108,1.6352627135284226,0.09362235505217203,0.06801053592863582,0.44975561092206,1.2056003454481095,0.4987455162382652,0.0863012383672798,0.7488428482752157,0.14927184466019416,Frontiers in Pharmacology | Frontiers Media
12395,Educational Innovations and Technology,2022,1097,2.143411713435523,0.14308697303597373,-0.0056493632040177655,0.6258295299369392,0.8517365089860148,0.0,0.0011739518448275709,0.8149801727443394,0.07475490196078431,RIDE Revista Iberoamericana para la Investigación y el Desarrollo Educativo | None
12597,Fire Detection and Safety Systems,2025,1094,2.3538263362220953,0.13843217136972472,0.011524527735380374,0.46753887343278117,1.2553230226355419,0.03486750348675035,0.01418119090326334,0.8973754600679661,0.12030075187969924,Fire | Multidisciplinary Digital Publishing Institute
12127,Software System Performance and Reliability,2025,1093,2.2166230902479387,0.18466713026337567,0.09514767278748337,0.5191630917936959,0.9224670429837482,1.6689957125166917,0.015334309244598365,0.7550165003241706,0.09490740740740741,Journal of Information Systems Engineering & Management | Lectito Journals
13532,Education Systems and Policy,2024,1090,2.0979972885538616,0.29517296532068354,0.19616076001337168,0.6921853701221378,0.8994080571462068,0.0,0.016191805305887468,0.7666486082738283,0.054696789536266346,International Journal For Multidisciplinary Research | None
12262,Hate Speech and Cyberbullying Detection,2025,1075,1.7770756146727167,0.05879810132949006,-0.05896197959249161,0.41489802277505866,1.1598008840985532,0.5896105089304325,0.019498093971388835,0.8222028349789953,0.056179775280898875,International Journal For Multidisciplinary Research | None
14064,Organizational and Employee Performance,2023,1069,2.045587774156931,0.1657270482973057,-0.015357313356501923,0.6664842931348752,0.7697315337208432,0.0,0.022118394291906058,0.8861588137131108,0.09551886792452831,International Journal of Professional Business Review | Tutor Treinamento e Desenvolvimento
12916,COVID-19 impact on air quality,2021,1067,48.492332865572884,0.9289939171042404,0.009155934289249323,0.7469264166599981,1.2785901190705031,0.8477449983045101,0.02609293896545552,0.971656377581421,0.13503305004721436,Environmental Science and Pollution Research | Springer Science+Business Media
13744,Financial Literacy and Behavior,2025,1060,2.5068017037599457,0.2633700313763228,0.1048637677429689,0.4989880833175567,0.7097615825831743,0.0,0.004586936631291863,0.8269765561803136,0.09342560553633218,Al-Kharaj Jurnal Ekonomi Keuangan & Bisnis Syariah | None
11718,Physical Education and Pedagogy,2025,1053,1.7220167289735135,0.10531178216993164,0.032892104958704316,0.535636968102699,1.3380458587525892,0.45243630431908927,0.022880018422373694,0.6762162620209295,0.10057471264367816,Frontiers in Sports and Active Living | Frontiers Media
12488,Mental Health via Writing,2025,1051,2.905257255092,0.08721943369472818,0.06705464874090561,0.3092620816791843,2.9477393403422845,1.990459966731225,0.04809264609676661,0.8457686095229864,0.06828193832599119,Scientific Reports | Nature Portfolio
12294,Agricultural Science and Fertilization,2024,1046,1.9967669515008981,0.5454751120152582,0.057390393432920295,0.7271739387690278,0.24574238499263443,0.0,0.015687074694016954,0.7059443905226471,0.440324449594438,International Journal of Research in Agronomy | None
10052,Medical Image Segmentation Techniques,2025,1040,1.811295868675325,0.16623530693184801,0.05815127013950505,0.5427277291270585,0.8930344041141707,0.054466230936819175,0.01452401532251918,0.7105647396470326,0.14442916093535077,Biomedical Signal Processing and Control | Elsevier BV
13596,"Grouting, Rheology, and Soil Mechanics",2025,1034,1.8444356464195042,0.12180385050246684,-0.018681903250584053,0.4686911027254477,0.9485033946814783,0.13504507348556596,0.013827953660671246,0.7486753250810362,0.13527180783817952,Scientific Reports | Nature Portfolio
13910,Computational and Text Analysis Methods,2025,1034,2.3141980764727292,0.13233622672637635,0.062198750122397506,0.4777301087959645,6.111126925755035,0.7714381856996457,0.02314371180849295,0.9031350535063094,0.03358613217768147,IEEE Access | Institute of Electrical and Electronics Engineers
10119,Sustainability and Climate Change Governance,2025,1033,1.6936031816201116,0.09494166590877556,0.12038708859250402,0.3279756940220125,1.714408790208781,2.6748669490604975,0.023210640100502666,0.6575444870519384,0.09571428571428571,Academy of Management Proceedings | Academy of Management
14510,Medical Imaging and Analysis,2024,1033,2.0873795114221987,0.2542048503958154,0.12408065630717635,0.6765143759372125,0.5505545048582698,0.41151857625393484,0.034090619718364495,0.8071362090453337,0.07446808510638298,The Spine Journal | Elsevier BV
10462,Reinforcement Learning in Robotics,2025,1020,2.5044367964922474,0.09680234903489181,-0.035285486865173965,0.4037779691233336,1.3773748819621965,2.652840623330753,0.011014071786172752,0.6987515057091453,0.11346633416458853,Neural Networks | Elsevier BV
13084,Education during COVID-19 pandemic,2021,1017,37.81633489976898,0.9405546251444248,0.0029326807864760163,0.7778087636379717,0.7405949247972267,0.0,0.0045265800700439755,0.9699530718839554,0.24158415841584158,Research Society and Development | Grupo de Pesquisa Metodologias em Ensino e Aprendizagem em Ciências
12754,Plant Growth and Agriculture Techniques,2024,1004,1.5999643482895856,0.3717489435318097,0.04276990783809942,0.7828351314145819,0.17882327438699955,0.0,0.0005631232295437422,0.6181676543285751,0.16775244299674266,Jurnal Agrotek Tropika | None
13039,Magnesium Oxide Properties and Applications,2025,997,1.9089629098645033,0.16009197170571013,0.0516667241405,0.40457459090115844,0.905325485687349,0.47461187748646455,0.017737483455141454,0.7674084628237751,0.20107238605898123,Construction and Building Materials | Elsevier BV
11902,Intelligent Tutoring Systems and Adaptive Learning,2025,983,4.09301930832718,0.2864970656627193,0.1984275912231932,0.5100928296409495,1.3562600786416883,1.6293677695650486,0.017542320629733866,0.8260844357749657,0.06750572082379863,Applied Sciences | Multidisciplinary Digital Publishing Institute
14444,Power Systems and Renewable Energy,2024,982,3.2990163821541563,0.6777696807273484,0.22183787454480486,0.8151917232045268,0.21168410322873246,0.0,0.0072556522021013856,0.7512336182953835,0.21462264150943397,Journal of Physics Conference Series | IOP Publishing
12796,Dermatological and COVID-19 studies,2021,971,5.694369370654123,0.27882346379994866,0.04500501242806143,0.7552561065038237,1.074263426680776,0.0,0.0534400191498434,0.9342940397230227,0.08257918552036199,"Reactions Weekly | Adis, Springer Healthcare"
11644,Spam and Phishing Detection,2025,968,1.5721756284075843,0.07087197181197664,0.01711556963451777,0.299834630083899,2.9614652555933656,0.43751182108893144,0.025879774185701167,0.8153787455300527,0.13802435723951287,AIP conference proceedings | American Institute of Physics
13542,"Grit, Self-Efficacy, and Motivation",2024,965,2.173568953913836,0.12745458201790447,0.047691033183741016,0.5398469841119451,1.379992275672307,0.07835279132390176,0.020860572537475836,0.8711451491395454,0.04567901234567901,Behavioral Sciences | Multidisciplinary Digital Publishing Institute
13373,Data Mining and Machine Learning Applications,2023,958,2.06691431835055,0.10787400309803416,-0.0637306576865988,0.342558579988206,0.9922043557688863,0.0,0.0005770669701565316,0.7244829234189644,0.20196353436185133,Jurnal Teknologi Informasi dan Ilmu Komputer | Brawijaya University
13987,Child Development and Education,2025,957,1.5334267525547542,0.2531762187357094,7.768370461458396e-05,0.6193448944208418,0.8574276526935151,0.0,0.005225503626594009,0.8309509398893019,0.11764705882352941,Jurnal Obsesi Jurnal Pendidikan Anak Usia Dini | Universitas Pahlawan Tuanku Tambusai
12731,Hidradenitis Suppurativa and Treatments,2025,952,1.661003778765712,0.09981317757034014,0.06938483548428076,0.4183437252751991,1.648082283550475,1.246790815383837,0.1504107023324093,0.6769829254585512,0.26461038961038963,Journal of Investigative Dermatology | Elsevier BV
10715,Distributed and Parallel Computing Systems,2025,948,2.17404744060264,0.2063175161827054,0.04952949448439048,0.6575795791958254,0.5469328195227728,0.927484843378591,0.003470970234368218,0.7559110117213598,0.0698005698005698,IEEE Internet of Things Journal | Institute of Electrical and Electronics Engineers
11653,Financial Distress and Bankruptcy Prediction,2025,944,2.2012926777362023,0.10640187292002626,0.0803180402436996,0.40376393065755894,2.639188084294959,0.18207461782622816,0.013142528348810675,0.8554572319900103,0.05603985056039851,Computational Economics | Springer Science+Business Media
12922,Business and Economic Development,2021,938,1.6655004132500217,0.28314939006571044,-0.05746478531832433,0.6992508515099242,0.6920514478741758,0.0,0.004354796286006472,0.9040865275326991,0.22651222651222652,EUROPEAN RESEARCH STUDIES JOURNAL | University of Piraeus
11563,Indian and Buddhist Studies,2025,930,2.0113498816550317,0.5278323997884791,0.1390365425749327,0.8690527660523776,1.1124314132825905,1.8018970215352645,0.010643507512074823,0.7435564560724407,0.15441176470588236,International Journal For Multidisciplinary Research | None
10559,Particle Accelerators and Free-Electron Lasers,2025,929,2.3499264793529835,0.759434678257081,0.1262335904467271,0.7193819391473854,0.27017997616323414,3.085216182882942,0.0023541142673965576,0.4980611132227386,0.7004538577912254,JACOW | None
12457,Ecocriticism and Environmental Literature,2025,928,2.0221908292580046,0.41203713263056635,0.1563897022691889,0.7578982706369232,1.3061108723359165,1.574605107535688,0.004048556332588085,0.8634729651827139,0.07065217391304347,International Journal For Multidisciplinary Research | None
11397,"Populism, Right-Wing Movements",2021,925,2.60930531044756,0.06304606999033892,-0.10202888945894806,0.46833188821450006,8.521985206022071,1.3264340304931004,0.002318528189343034,0.7133175698455348,0.07076101468624833,Perspectives on Politics | Cambridge University Press
13978,Foreign Language Teaching Methods,2021,913,1.782534392174935,0.5297935226193943,-0.012470455029826022,0.776799455911783,0.4048339351941485,0.0,0.0003676281343671945,0.8876533920835077,0.37309292649098474,
13836,Educational Research and Pedagogy,2024,912,1.5916396244699187,0.46737334697154037,0.1360242271634573,0.8997989252819864,0.11440255984954623,0.0,0.006631047486115835,0.8130424981430361,0.14401294498381878,Advances in Education | None
12838,Photovoltaic Systems and Sustainability,2025,909,2.907449614318586,0.12282960590641477,0.004452849310630391,0.5030097402991968,1.4330250468051862,2.700919173389709,0.036733092411358255,0.7980886850734494,0.08586525759577279,Sustainability | Multidisciplinary Digital Publishing Institute
10953,E-Government and Public Services,2025,899,1.5279409710018579,0.07006938984934911,0.11409052978046486,0.38660967731970436,7.2431424611017645,0.13136734895399851,0.03838210051259649,0.754202814347778,0.04888888888888889,Lex localis - Journal of Local Self-Government | None
13252,Sex and Gender in Healthcare,2025,897,1.5831429220955222,0.09528901009981666,0.016235008864378564,0.5125934433328628,2.149452316783517,3.8702621821462166,0.13951403615531666,0.8343189362331799,0.04827586206896552,The Journal of Sexual Medicine | Elsevier BV
11101,Online Learning Methods and Innovations,2025,892,3.81873097858305,0.5220075982241097,0.16532937153517557,0.663955556572193,0.8209336201791975,0.0,0.00085589655983644,0.9000132122124603,0.11181702668360864,Kalam Cendekia Jurnal Ilmiah Kependidikan | None
12917,Astronomy and Astrophysical Research,2025,892,5.5917846172239,0.7707033719946684,0.11226315873724957,0.5508592654586532,1.872644129067815,8.68954908172048,0.00365699245906926,0.4260643050302934,0.7802340702210663,Astronomy and Astrophysics | EDP Sciences
13334,South Asian Cinema and Culture,2025,890,1.6116766080101954,0.3667584044212533,-0.012497069926062032,0.7839806116362599,1.7470090820454687,0.195589965725283,0.004968460545477132,0.872605828646248,0.20142857142857143,International Journal For Multidisciplinary Research | None
12642,Polymer-Based Agricultural Enhancements,2025,884,1.8266684225240482,0.08565036942740448,0.07057677009688001,0.3150743658124127,1.7037748701700666,1.0827488354972605,0.05838060211287232,0.7519624428512978,0.12041116005873716,International Journal of Biological Macromolecules | Elsevier BV
10652,Racial and Ethnic Identity Research,2021,880,1.6488846124567937,0.07700020288987942,0.0567855312732819,0.2505678426788947,6.950276215428683,1.6102813516538343,0.0355689892291818,0.6752134880790465,0.0859375,Cultural Diversity & Ethnic Minority Psychology | American Psychological Association
11555,Methodologies in Health Research and Practice,2025,866,14.135354007005539,0.855225120826162,0.22188417231247803,0.8335099949070536,0.09571002737458621,0.0,0.001975108225108225,0.9336348413305681,0.148014440433213,PREPOTIF Jurnal Kesehatan Masyarakat | Universitas Pahlawan Tuanku Tambusai
13844,Higher Education Learning Practices,2024,864,1.8494687579050675,0.20294106346949298,0.141216321918598,0.6057327998770704,1.1973593851120505,0.10265140140987634,0.012469968601478683,0.8625365398741849,0.04930662557781202,International Journal For Multidisciplinary Research | None
13812,AI and HR Technologies,2025,864,5.548290749152056,0.1838405329759254,0.05395443560422475,0.45748321434710243,2.322831420064278,0.26235759569092904,0.038152570210341456,0.942130100662391,0.13414634146341464,Journal of Information Systems Engineering & Management | Lectito Journals
14244,Consumer Behavior and Marketing Influence,2023,857,1.5365724286666596,0.265719073370124,0.002184979361965933,0.6220829456853311,0.4329460402410614,0.0,0.0004315432483135479,0.7653390026076513,0.15196078431372548,Journal of Economic Bussines and Accounting (COSTING) | None
14020,Medical research and treatments,2025,848,6.050605137964176,0.9168514780758386,0.1919863084026443,0.9172405876951332,0.06927873994692178,0.0,0.006433385271161436,0.9469882392265004,0.6119221411192214,Revista Española de Cardiología | Elsevier BV
12920,Healthcare and Environmental Waste Management,2022,841,1.8693921358962788,0.16828460466116194,-0.023868747677386004,0.6860055934901138,1.3666473028136403,0.2379138768599296,0.04073353442818058,0.9171971056990146,0.10490463215258855,Sustainability | Multidisciplinary Digital Publishing Institute
13008,Agricultural Practices and Plant Genetics,2024,839,1.7954157802802664,0.3843351267932881,0.06368671417308969,0.6510630487627095,0.4902443070463683,0.0,0.015287083961970807,0.7242439115725792,0.3668639053254438,International Journal of Advanced Biochemistry Research | None
14171,"Education, Law, and Society",2025,835,1.9470505766825514,0.4988800861931179,0.07722407311879564,0.8372706383104944,0.3684517986616986,0.0,0.0024053619503075535,0.872873184273356,0.20554649265905384,Russian judge | None
13717,Advanced Algorithms and Applications,2024,832,2.5980131150585173,0.5351399668947798,0.2131622606964947,0.7419244829869225,0.29547341952310263,0.0,0.003917364750866175,0.8313039051574171,0.1093525179856115,IEEE Access | Institute of Electrical and Electronics Engineers
13161,Ideological and Political Education,2023,825,5.835943436254505,0.679774076529942,0.09094382881615415,0.6235052973960098,0.7986337640118958,0.11129660545353366,0.004519230373715136,0.85638783500261,0.41815856777493604,Applied Mathematics and Nonlinear Sciences | De Gruyter
12774,Bauxite Residue and Utilization,2025,823,1.9017421156604,0.10605286835752026,0.06024105433469362,0.36956509276436744,1.4247452491421564,0.5263836981244973,0.04056019568228257,0.7274437177966723,0.15639810426540285,Construction and Building Materials | Elsevier BV
11003,Disability Rights and Representation,2025,822,1.7027684422800886,0.14663745174221068,0.11655664580465253,0.48763787667521336,1.1151893137843594,3.3891295437471816,0.04642972461383485,0.7528525679877726,0.05206738131699847,Journal of Applied Research in Intellectual Disabilities | Wiley
13588,Regional resilience and development,2025,820,2.106295562178095,0.11121412840862821,0.08376559541457551,0.3515600227681818,4.447434192921599,0.18203030987911475,0.012062728900921929,0.8402658556764965,0.11715481171548117,Sustainability | Multidisciplinary Digital Publishing Institute
13106,"Neuroscience, Education and Cognitive Function",2025,819,1.5436039572473785,0.234788590871587,0.05443634797898422,0.7531989801551715,0.3419707061072533,0.2519481359569952,0.028743606815566824,0.8956344833363189,0.05702364394993046,Ciencia Latina Revista Científica Multidisciplinar | Latin American Association for the Advancement of Sciences
14397,Legal and Policy Analysis in Indonesia,2025,813,1.9298413204158906,0.40534459297107717,0.1587258665974116,0.6019979866355292,2.1292414980590766,0.0,0.004449866602615618,0.7992541442221964,0.14592933947772657,KnE Social Sciences | Knowledge E
14492,"War, Law, and Justice",2025,809,6.030027882030441,0.8560593357946021,0.3559438439329212,0.8200467239123223,0.5119072460767119,0.0,0.0016873597569498674,0.9358902108819468,0.2807017543859649,Uzhhorod National University Herald Series Law | None
12131,Wireless Signal Modulation Classification,2025,806,2.0389657151239913,0.08328231727992846,0.010777902004118989,0.27641899593480707,1.7352680040392003,0.5450978045522025,0.0030949205142369947,0.6922692608840468,0.16666666666666666,IEEE Internet of Things Journal | Institute of Electrical and Electronics Engineers
10709,Social Robot Interaction and HRI,2025,803,2.081845494392624,0.0740066817291816,0.06562919543423584,0.28256325789850506,2.277105279635063,3.371096626611477,0.03865238497113668,0.6435301923805388,0.1426332288401254,Frontiers in Robotics and AI | Frontiers Media
13010,Agriculture and Agroindustry Studies,2024,802,3.1191374518851767,0.5096240737265986,0.14968342580487404,0.6465999838835615,0.39709773042432356,0.0,0.0003917821199241964,0.8006946666829803,0.19793205317577547,MIMBAR AGRIBISNIS Jurnal Pemikiran Masyarakat Ilmiah Berwawasan Agribisnis | None
11918,Forecasting Techniques and Applications,2025,800,1.6449502768421986,0.09183514899510468,0.02082456585039294,0.47772196155392876,1.6218559242353734,0.055741360089186176,0.013728243183527914,0.8556361406652183,0.0712166172106825,AIP conference proceedings | American Institute of Physics
13346,Digital Transformation in Financial Services,2025,798,5.895399892627768,0.48538539166664796,0.13626982793701847,0.5882023234277022,0.6658370168181001,0.0,0.0,0.9244514182527844,0.2078804347826087,Економіка та суспільство | None
12539,Pharmacology and Obesity Treatment,2024,794,1.6538083346301915,0.09950932627832282,0.053280670507425576,0.6055408333384099,1.29217968806414,0.6396519254497045,0.13106994316606044,0.8565153706744018,0.04666666666666667,Nature | Nature Portfolio
13018,Seismology and Earthquake Studies,2025,792,1.608348837670539,0.10381884209129379,0.03209716381543615,0.47661661861423626,1.1342660683515067,1.2546764702604873,0.010573686551459885,0.6781870051705959,0.0897887323943662,Applied Sciences | Multidisciplinary Digital Publishing Institute
13851,"Law, AI, and Intellectual Property",2025,785,1.8656618895181376,0.18791301321850304,0.0063537528352295425,0.7171185187553207,0.4299848566074786,0.03800836183960472,0.009392394109163468,0.8891892471533799,0.0629800307219662,International Journal For Multidisciplinary Research | None
12958,Digital Economy and Transformation,2025,782,2.941328859194455,0.7699329580632626,0.16688315413790766,0.718786379823737,0.26371405669833575,0.0,0.0005807200929152149,0.9264364466785732,0.48600883652430044,Экономика и предпринимательство | None
13895,Educational Leadership and Innovation,2025,774,4.615319239249999,0.3584272246774668,0.24093696414488663,0.5856631890227337,3.5548368068605334,0.12820512820512822,0.022785772724412092,0.9343495120977042,0.08602150537634409,International Journal of Research and Innovation in Social Science | None
11300,Global Educational Policies and Reforms,2025,772,1.6931107648029649,0.11407126010757603,0.13754367890829755,0.4394137456211035,4.1093378499485205,0.2364686788380325,0.012692091466560201,0.736583314452763,0.0705244122965642,Frontiers in Education | Frontiers Media
14339,Image Processing and 3D Reconstruction,2024,765,2.243290132327055,0.4165180104686228,0.18972690718625262,0.7959008119541657,0.2549405507367452,0.13336317684143772,0.004542009707121594,0.8571810384949715,0.05826771653543307,IEEE Access | Institute of Electrical and Electronics Engineers
12665,Bamboo properties and applications,2025,762,1.547754127272581,0.04708649442099047,-0.015312165148348988,0.2664084119213031,2.7589877196098205,0.4140143331908486,0.03502048942070983,0.6808912347764995,0.131175468483816,Structures | Elsevier BV
12808,Ferroelectric and Negative Capacitance Devices,2024,760,1.86608974534716,0.055890778653211216,-0.009938128055536843,0.2873201762054684,1.7238168794915036,1.7918652167910019,0.012040560731773028,0.6018730746835869,0.16322701688555347,IEEE Transactions on Electron Devices | Institute of Electrical and Electronics Engineers
12486,Food Supply Chain Traceability,2025,754,2.017462974952088,0.1098443609990553,0.022447464669259176,0.4566255275372571,1.4842468263126605,1.2004788164504085,0.028776373638173782,0.8748203699970635,0.05345911949685535,Computers and Electronics in Agriculture | Elsevier BV
13690,Quality and Safety in Healthcare,2024,753,1.5793370052342826,0.27384751920201317,0.12095685179606663,0.6633977474891798,1.0841713887856175,0.17413355874894335,0.028704097374503783,0.9065648305953441,0.13598673300165837,Occupational Medicine | Oxford University Press
13054,Agricultural and Financial Auditing,2025,744,3.4359368392279124,0.8764244770498064,0.37351826847942915,0.7102536823782156,0.5626416979343273,0.0,0.0,0.8532332109269656,0.44904458598726116,Экономика и предпринимательство | None
12834,Flowering Plant Growth and Cultivation,2024,744,1.7983601251320664,0.32546071656423026,0.07961356484294946,0.6834740472715617,0.3965769380599032,0.050505050505050504,0.016628989572219546,0.7263782072220116,0.2705061082024433,International Journal of Advanced Biochemistry Research | None
12357,Digital Media Forensic Detection,2024,734,1.8567578898190276,0.08532548405658442,0.0673714926601674,0.4116669946545815,1.2873642165570605,0.1523675574308486,0.023020476308440826,0.7449245925622116,0.08378870673952642,Multimedia Tools and Applications | Springer Science+Business Media
13181,Economic and Technological Systems Analysis,2021,733,1.8898015524957676,0.40902610606526757,-0.012554146640333386,0.5506390821950083,0.7334700065139268,0.0,0.0005276520497720673,0.8670673305426121,0.4276206322795341,E3S Web of Conferences | EDP Sciences
13186,Russia and Soviet political economy,2024,729,1.5676008603199592,0.30755604036471323,0.09296202386029506,0.7329970109065518,0.9294835762129893,0.0,0.0018253672594817428,0.8333446163949363,0.116,Current Digest of the Russian Press The | East View Information Services
13032,COVID-19 Prevention and Impact,2022,717,9.409315155784531,0.24526049274202613,-0.06340071956569693,0.4613285645234558,1.6532070030231318,0.0,0.0061220046948464975,0.9304301571635528,0.13204747774480713,International Journal of Health Sciences | None
12179,Art Education and Development,2025,716,1.9724679018858282,0.2808841607914897,0.08788583495361824,0.7122889594651416,3.3941578353366353,0.11961722488038277,0.004343490267126976,0.820304737865312,0.11538461538461539,"ICERI proceedings | International Academy of Technology, Education and Development"
11082,Spacecraft Dynamics and Control,2025,715,1.5228444226251023,0.14656943803852607,0.11165552850757043,0.30899681503555493,3.8842000484130366,1.0186648592445693,0.004208190132078257,0.5592884636021943,0.32923832923832924,IFAC-PapersOnLine | Elsevier BV
12794,Adaptive Dynamic Programming Control,2025,713,1.871764607860558,0.06832152845108971,0.02311145427394745,0.2121639121280441,2.5749059553170195,0.1831113062997121,0.0017407938785270205,0.6290440312223994,0.1831275720164609,International Journal of Robust and Nonlinear Control | Wiley
14147,Innovative Approaches in Technology and Social Development,2024,711,1.5114794481289597,0.13264217566704106,0.06607553223634755,0.4714423543789161,1.499329520537134,4.151526962608805,0.0230714283933553,0.7913650155362798,0.06401384083044982,Innovation in Aging | University of Oxford
14396,Healthcare Regulation,2022,709,2.296776784539324,0.7372594104081196,-0.021630378126630045,0.7125612374411349,0.3180251546504869,0.0,0.007218457875765465,0.854435177663197,0.6505823627287853,Research Society and Development | Grupo de Pesquisa Metodologias em Ensino e Aprendizagem em Ciências
12874,Digital Imaging for Blood Diseases,2024,707,1.6727405085743476,0.15850749825192892,0.033079250102646895,0.5787720947290841,0.7740756352713157,0.6236616477774615,0.030080537694505083,0.853787418540553,0.10932475884244373,AIP conference proceedings | American Institute of Physics
12605,Berry genetics and cultivation research,2025,704,1.710753070780648,0.10912508017527582,0.06922562360188955,0.5289890950122796,1.0817758376682447,1.0859406617743366,0.052790920105782714,0.6566700583533923,0.1175115207373272,Horticulturae | Multidisciplinary Digital Publishing Institute
12105,Hygrothermal properties of building materials,2025,704,1.6549676445595398,0.12696601270958846,0.07635087845960431,0.4728509301756752,0.9591835018376688,1.30974961811394,0.023798569332750024,0.6548256625188271,0.17197452229299362,Buildings | Multidisciplinary Digital Publishing Institute
13382,Robotics and Automated Systems,2025,696,1.672520331698808,0.23383439480882282,0.05302319452082749,0.6672759921351471,0.606598927430681,0.10925637531633249,0.010687494300884242,0.8528686218888105,0.13176895306859207,IEEE Access | Institute of Electrical and Electronics Engineers
13276,University-Industry-Government Innovation Models,2025,695,1.7631736735726637,0.09442188782589321,0.009492690519274927,0.48544457897399695,1.7198464031181946,0.3541188329009101,0.014679007349384007,0.8637342947290083,0.06112054329371817,Sustainability | Multidisciplinary Digital Publishing Institute
11935,"Literacy, Media, and Education",2025,693,1.5892561986683855,0.19136490236099638,0.12019237920975501,0.5851607258770072,4.352802308268548,0.425039138160932,0.011239219544764834,0.768784693389304,0.07662082514734773,International Journal of Research and Innovation in Social Science | None
12221,Cybersecurity and Cyber Warfare Studies,2025,683,1.888002573956076,0.16900159978004362,0.06975684155232909,0.5867439656457755,3.1439158844498407,0.9171206964549158,0.00836445129159545,0.8321564331923449,0.054514480408858604,Enjeux numériques. | None
14085,Student Stress and Coping,2025,682,2.3921931305430153,0.2765413844568389,0.09055079720003767,0.5840503479907936,0.42834912853457047,0.0,0.007255015557582946,0.8421508698927819,0.06445993031358885,G-Couns Jurnal Bimbingan dan Konseling | None
12535,Machine Learning and Data Classification,2025,678,1.874181178831947,0.07309404378302944,-0.045836696658582365,0.39654163654314817,1.5309535861961265,0.8912417869285921,0.014103125734499415,0.8264496553208539,0.09251968503937008,Machine Learning | Springer Science+Business Media
13983,Cybersecurity and Information Systems,2025,675,1.502842110082653,0.44411374131414894,0.11723461232183974,0.7442355865303911,0.25980975731250566,0.0,0.0,0.7827962919967001,0.24307036247334754,Herald of Khmelnytskyi National University Technical sciences | None
12895,Environmental law and policy,2025,674,1.8387694998211053,0.17999771859891997,0.08116822743480379,0.6089743066795802,4.1384702663542505,1.1850457198531812,0.006980633283479497,0.7832300791466432,0.0687732342007435,KnE Social Sciences | Knowledge E
13369,European and Russian Geopolitical Military Strategies,2023,671,2.1777798516910205,0.19216143222246704,0.03182111028172363,0.6917214064851559,1.1909949994235747,0.0,0.002850848637920565,0.8270437123797715,0.08163265306122448,Revue Défense Nationale | National Defense Studies Committee
13899,Agricultural Systems and Practices,2025,670,2.146721498540616,0.1694756070573295,0.09956175797395117,0.5258405996585991,1.7128044363696866,0.04151100041511,0.044975194265852975,0.8641818000458213,0.1368421052631579,International Journal of Agriculture Extension and Social Development | None
13903,Innovative Educational Techniques,2024,668,2.4746796789174432,0.5685298060902794,0.09520254098285541,0.6873255341382905,0.6634004252512783,0.0,0.004258536947106616,0.9059929745632423,0.32550335570469796,Advances in Education | None
13894,Indian Economic and Social Development,2025,664,1.6588595040056444,0.4908444047197426,0.07959714778870186,0.7301767647565055,0.4263843353149948,0.0,0.016428497745804318,0.8911771438726156,0.283609576427256,International Journal For Multidisciplinary Research | None
13479,Food Science and Nutritional Studies,2025,658,2.342525283647969,0.29498129126311534,0.038139212545438284,0.7131540799496928,0.33859986905038103,0.0,0.08171989329344458,0.8754197404784919,0.22934232715008432,International Journal of Advanced Biochemistry Research | None
12013,Sustainable Development and Environmental Policy,2024,656,1.9859122459178409,0.17252633036605092,0.16277850161566176,0.5489402884329501,1.524579686042216,0.0,0.017245058641052687,0.8570259521556642,0.054003724394785846,Academy of Management Proceedings | Academy of Management
11992,CCD and CMOS Imaging Sensors,2025,642,1.70785359745561,0.15004060789063023,0.03304409366986771,0.5613963475900645,0.8158551968931945,0.9173379381601102,0.006951914749125085,0.7205396335940867,0.10986547085201794,IEEE Sensors Journal | IEEE Sensors Council
11734,Decision Support System Applications,2024,637,2.641850154486884,0.5073857671627466,0.12397034974046273,0.7345140683031235,0.2964492987788772,0.0,0.0,0.7587709515435751,0.1945031712473573,Jurnal Nasional Komputasi dan Teknologi Informasi (JNKTI) | None
13111,Nursing care and research,2025,633,4.5089867666816765,0.7779699312408068,0.2394444066438468,0.7437815813846468,0.4746452615998411,0.08912655971479501,0.012074289320448678,0.8800462887241182,0.4786476868327402,Revista Clínica Española | Elsevier BV
13083,Advanced Text Analysis Techniques,2024,626,1.5858050509405845,0.14879292475298644,0.11190609481797376,0.5522264504901537,0.6289819704584337,0.0,0.016108543017352536,0.8260926889302627,0.05567010309278351,AIP conference proceedings | American Institute of Physics
12766,Interdisciplinary Research and Collaboration,2025,620,1.5546665751922955,0.1781361645148187,0.02401267651027794,0.5994881511933201,1.6662998428481617,1.573758546660067,0.01979043571963926,0.8735148480721643,0.06415094339622641,Humanities and Social Sciences Communications | Palgrave Macmillan
10561,Educational Research and Methods,2024,615,7.486202633532427,0.5884742593901773,0.16891160113725,0.6700626142408866,0.6044266260109198,0.0,0.0,0.8744728696040048,0.1346153846153846,Social Humanities and Educational Studies (SHEs) Conference Series | None
12384,Customer churn and segmentation,2025,614,1.9489533498684912,0.15566623150689593,0.08122745886120164,0.49462827510833646,1.193342767739642,0.24081393646611038,0.013477420857464237,0.9044789965644866,0.1073345259391771,Journal of Information Systems Engineering & Management | Lectito Journals
14137,"Agriculture, Soil, Plant Science",2024,612,1.604001837856885,0.20848508483646777,0.1352407814810923,0.5872237497825176,0.7718813837266749,0.0,0.0078710914517165,0.7145862372451149,0.13596491228070176,Agronomy | Multidisciplinary Digital Publishing Institute
12650,Aesthetic Perception and Analysis,2025,611,1.593969669434128,0.12217575699390462,0.040130242403926264,0.553065319672213,0.9067569230824161,0.4209971678851347,0.02372799774203083,0.7879534038889474,0.09336099585062241,Psychology of Aesthetics Creativity and the Arts | American Psychological Association
13391,Innovations in Aquaponics and Hydroponics Systems,2025,611,1.9946192374781488,0.0955338541339725,0.06432645268172443,0.4274035977791695,1.8402825439992478,1.3862963255811989,0.04835591579146945,0.829049631594389,0.0631163708086785,International Journal of Advanced Biochemistry Research | None
11329,Limits and Structures in Graph Theory,2023,610,1.6232884386280095,0.08298089435105675,0.06646828661984516,0.2868120893335578,1.7873714424315523,2.896498498371019,0.0,0.41065003268688544,0.2610062893081761,Discrete Mathematics | Elsevier BV
12779,Public Procurement and Policy,2025,608,1.5322798631377437,0.12989404501716628,0.045743927324187084,0.5496301272765666,0.9234572191052038,0.994928956699809,0.019482536228707454,0.7940672843472244,0.09090909090909091,International Journal of Research and Innovation in Social Science | None
13009,Agroforestry and silvopastoral systems,2025,606,1.6749157006876905,0.1397445115997499,0.09619648770580502,0.42741654209761387,5.62330183776788,1.819487732693896,0.037491198970940366,0.7203648048745613,0.18976545842217485,Agroforestry Systems | Springer Science+Business Media
14025,Educational Technology and Assessment,2024,597,1.6922911573411026,0.2928977901109319,0.09680124695242665,0.6274889060503105,0.40931374791056946,0.0,0.011030121546803136,0.8947685086438076,0.14285714285714285,Applied Mathematics and Nonlinear Sciences | De Gruyter
12943,COVID-19 Digital Contact Tracing,2021,596,30.472454720118666,0.744516903653975,-0.05316904462045269,0.7779314763643095,1.7415437648449732,1.8166455428812842,0.016938509097835217,0.9765706612460288,0.09612141652613827,Journal of Medical Internet Research | JMIR Publications
12707,Vehicle License Plate Recognition,2024,588,1.7686081865407828,0.20101562751455399,0.07405997062750558,0.5800545223721841,0.6373056031574674,0.04873294346978557,0.014994148000594334,0.9146650771306272,0.1206896551724138,AIP conference proceedings | American Institute of Physics
14225,Advanced Sensor and Control Systems,2024,585,2.4491087405850993,0.584687389326013,0.203794890415677,0.7803401908061406,0.19752171985455144,0.0,0.002663894787788593,0.8431540380841677,0.12749003984063745,IEEE Sensors Journal | IEEE Sensors Council
12143,Place Attachment and Urban Studies,2025,583,1.84354375297346,0.09032925235599373,0.056850701066920806,0.4128323998244971,2.7171677777896104,0.14070298396516936,0.013373487854257654,0.8425854397884723,0.09554140127388536,Buildings | Multidisciplinary Digital Publishing Institute
13478,Agricultural Development and Management,2023,581,1.6864375739791475,0.14241210500980506,-0.029802066904011548,0.4382171784907232,0.8629255573244629,0.0,0.0033670468166402522,0.7022491553165718,0.2,E3S Web of Conferences | EDP Sciences
14473,Social and Economic Development in India,2025,579,1.9809684496844415,0.5468199455415392,0.07553263880881289,0.7342279558126553,0.45834253256241553,0.0,0.010160817905498757,0.9041529258667325,0.3081632653061224,International Journal For Multidisciplinary Research | None
12124,Engineering Education and Curriculum Development,2024,578,1.6179748979171111,0.3016447410387263,0.10446754172105654,0.7415273817519736,0.2874682944188287,0.0,0.014191225121355379,0.7618304312551358,0.16397228637413394,"EDULEARN proceedings | International Academy of Technology, Education and Development"
13628,Agricultural Productivity and Crop Improvement,2021,578,1.7068426220895614,0.39973040710577346,-0.017783053121157577,0.6435021006212687,0.31859917217277905,0.0,0.0011340021374633726,0.7286298226173015,0.4409090909090909,BIO Web of Conferences | EDP Sciences
14517,Diverse Historical and Scientific Studies,2025,573,4.2182440527935805,0.7913304894797913,0.27378105558811594,0.9487890159468599,0.18070676810530262,0.0,0.013560050693536649,0.9028358107506912,0.22522522522522523,The American Historical Review | Oxford University Press
12393,Workplace Spirituality and Leadership,2025,573,1.6087066885589054,0.1258733338306376,0.11761732281837967,0.4297050299916972,3.8610921858317027,0.05411255411255411,0.02955259248652306,0.8210172002220727,0.15384615384615385,Academy of Management Proceedings | Academy of Management
10239,Urban Planning and Governance,2025,567,1.5695558132483396,0.10606011901022495,0.14217408053867597,0.3711751933300407,5.505800645534758,1.2475214802650998,0.01322223304526581,0.6748009394891655,0.09850746268656717,Cities | Elsevier BV
12519,Cybercrime and Law Enforcement Studies,2024,566,1.5989048485217103,0.10253199031939465,0.02468722108569299,0.49041297476891227,1.4023478647858747,0.4035910433605327,0.026134958355557552,0.850245023895595,0.1014799154334038,International Journal For Multidisciplinary Research | None
10467,Psychometric Methodologies and Testing,2025,566,1.543881385204858,0.11684308913282437,0.09720097964587548,0.4644492097978173,1.590304078116154,0.9936502010423981,0.02108709406781224,0.6432914946436243,0.10178117048346055,Journal of Educational Measurement | Wiley
12594,Collaboration in agile enterprises,2024,566,1.6597414573818474,0.1799070406810819,0.1259976375407872,0.5447854885938112,1.1875766543267514,0.10476506292405874,0.017521790308763177,0.8717865619365379,0.0995850622406639,Academy of Management Proceedings | Academy of Management
13246,"Agriculture, Plant Science, Crop Management",2024,561,2.6691551744517374,0.48196059191805385,0.21607051402678268,0.7672436926857483,0.3255725968110119,0.0,0.006774030194109614,0.7608979578735485,0.18937644341801385,International Journal of Research in Agronomy | None
14474,Industrial Technology and Control Systems,2024,559,2.2222631877690007,0.4929886219794988,0.16387552309946596,0.8213653948875205,0.1725645531895077,0.0,0.0016253924035771457,0.8222445009671834,0.08817204301075268,Journal of Physics Conference Series | IOP Publishing
13069,Cocoa and Sweet Potato Agronomy,2025,554,1.5410404652862948,0.08047445754826239,0.07276545064317164,0.3730460907117279,2.4318877344956795,1.3102963556761527,0.02194417056423247,0.7258767836703508,0.0967741935483871,Agroforestry Systems | Springer Science+Business Media
13358,Livestock Management and Performance Improvement,2025,554,1.7210151710201975,0.5205627356392627,0.054462763919974844,0.7491669812055527,0.23179520152656208,0.26534710269650025,0.013789405448287231,0.7386350668941564,0.38738738738738737,International Journal of Agriculture Extension and Social Development | None
14276,Power Systems and Technologies,2025,551,1.7396006962683312,0.3902633157567691,-0.019856580653369704,0.8526809943667938,0.1592404511722222,0.0,0.004038724265515883,0.823044576756593,0.17660044150110377,IEEE Access | Institute of Electrical and Electronics Engineers
12818,"Pneumothorax, Barotrauma, Emphysema",2021,545,2.5497127112956792,0.3497438959917441,0.11208867558264579,0.7333218139472537,0.5515810111455298,0.0,0.03239310607864703,0.9423602693502628,0.16521739130434782,"Cureus | Cureus, Inc."
11527,3D IC and TSV technologies,2025,545,1.8934847959614673,0.1748625163577306,0.0775952465990204,0.5052727479634879,0.8432221698953649,0.8793948776990809,0.005588493065938032,0.6092089870305631,0.24433249370277077,IMAPSource Proceedings | International Microelectronics Assembly and Packaging Society
13585,Technostress in Professional Settings,2025,543,3.2611730947129267,0.10266149370930173,0.092822729695472,0.3867478224182537,2.8683168628171294,0.24847033377253933,0.03267362918091186,0.8752288287105173,0.09456740442655935,Academy of Management Proceedings | Academy of Management
12867,Advanced Biosensing Techniques and Applications,2025,543,2.1081789671042097,0.3038728108373729,0.0783310671394557,0.6387866277474781,0.6243704729279008,3.8497447405779077,0.04955014776901647,0.8462174125592069,0.15647921760391198,Cancer Research | American Association for Cancer Research
13547,Economic and Industrial Development,2025,542,1.7495447264670014,0.703416437377697,0.11913999628585525,0.8588930188308274,0.18901956458454658,0.0,0.0,0.9559881835584045,0.3584905660377358,Экономика и предпринимательство | None
13643,Artificial Intelligence in Law,2025,542,3.0937339289676795,0.11298041460685947,0.05368481287339488,0.4266894516659196,5.579358430150903,0.8120273382309492,0.010566685430300718,0.8314776108094336,0.08835341365461848,Artificial Intelligence and Law | Springer Science+Business Media
12152,Concrete Properties and Behavior,2025,539,1.5642023602864465,0.15921125708209155,0.11171400255242148,0.42503035789868204,1.1515083166290305,0.2786064876653309,0.02105981433761191,0.685456989554905,0.2188449848024316,Journal of Building Engineering | Elsevier BV
13028,Literature and Culture Studies,2025,533,2.3346471687307018,0.5645855126956812,0.111441868958424,0.9621005808957032,0.12686652196334616,0.18885741265344666,0.0005058168942842691,0.7651768826200577,0.13317191283292978,Studi Francesi | Rosenberg & Sellier
14080,"Philosophy, Sociology, Political Theory",2025,531,2.5419527503788286,0.6675482158415235,0.20132155268470298,0.9303248197971435,0.08715170892614277,0.0,0.0,0.786689289421691,0.17632850241545894,Nouvelle revue théologique | None
13081,Digital Education and Society,2025,528,1.9468702427041749,0.2796432306558111,0.167727267585827,0.6666511519085875,1.4570228927602082,0.2577455852807444,0.006787282223431601,0.8286426347725788,0.08577878103837472,Postdigital Science and Education | Springer Science+Business Media
12566,Nitrogen and Sulfur Effects on Brassica,2025,525,1.6908864413194165,0.2201986133144791,0.09273043231230904,0.5816900656015404,0.6402603932533658,1.300028532150546,0.03541804064846105,0.7168595772646773,0.20481927710843373,International Journal of Advanced Biochemistry Research | None
14088,Generational Differences and Trends,2025,525,3.6221193337697795,0.196931208280196,0.11181470090319046,0.5002296768774445,2.3378415777429384,0.0,0.01793971482479914,0.9431129526663181,0.09145129224652088,Scientific Papers of Silesian University of Technology Organization and Management Series | Silesian University of Technology
14479,Freezing and Crystallization Processes,2024,523,1.6340209553115683,0.14908365042541163,0.09162464904825729,0.5814079680825651,0.7381743761211238,0.40649024194308847,0.018268777044868127,0.7819054786852192,0.06281407035175879,Food Chemistry | Elsevier BV
12470,Caribbean and African Literature and Culture,2025,522,1.7453930969414468,0.4652112677633234,0.11606850314269446,0.9195271974098072,0.5139075813869028,0.14281151617465895,0.0008547008547008547,0.7857538410860453,0.13348946135831383,
13957,Corporate Governance and Financial Management,2023,519,2.308780171801079,0.13461935044524923,-0.11247756950637089,0.5203727968210177,0.6508283884537283,0.0,0.0010167793735380121,0.7503587921771443,0.16802168021680217,Journal of Economic Bussines and Accounting (COSTING) | None
14413,Advanced Technologies in Various Fields,2022,518,7.477584066619283,0.7176726860101114,0.1424313138678146,0.68615668368572,0.4435908919508005,0.0,0.0075473404140175395,0.9749495085146432,0.28994082840236685,Computational Intelligence and Neuroscience | Hindawi Publishing Corporation
12692,Magnetic Field Sensors Techniques,2025,514,1.8082465935906127,0.2635877367486965,0.07285032868426367,0.5924325517969872,0.4167965863535709,1.0879416364556704,0.011726873353260546,0.7262846285446959,0.22597402597402597,IEEE Transactions on Instrumentation and Measurement | Institute of Electrical and Electronics Engineers
13051,Qualitative Comparative Analysis Research,2025,512,1.6313888547125073,0.1140441146213727,0.06812637423457257,0.3028835978835979,5.131298424242424,0.8011099236849688,0.010344598422819888,0.8603420412975988,0.16210045662100456,Academy of Management Proceedings | Academy of Management
10901,Advanced Data Compression Techniques,2025,512,2.013316010571606,0.21238330709574185,0.0703421342166588,0.6119143880487011,0.6075110052186258,1.04589445087488,0.006938186405441817,0.7599569068929526,0.1198044009779951,IEEE Transactions on Circuits and Systems for Video Technology | Institute of Electrical and Electronics Engineers
13945,"Legal, Health, Environmental and COVID-19 Challenges",2025,510,3.1930631916834407,0.6206061236034395,0.2378629183725498,0.704993914942567,0.6322727152322788,0.12391573729863692,0.013699714919227115,0.9220576359454254,0.2694063926940639,Uzhhorod National University Herald Series Law | None
13527,Transportation Systems and Logistics,2021,509,1.884111810567026,0.5678078444184397,0.011377504903493652,0.7200224892215058,0.5297567543556161,0.0,0.0002372479240806643,0.8172358545227955,0.48086124401913877,Transportation research procedia | Elsevier BV
13815,Islamic Thought and Society Studies,2025,507,1.5257025470546626,0.39214917254679366,0.03993180846255484,0.7831807590579832,1.609342644107531,0.0,0.001830708842759195,0.7743806425287517,0.16875,Turkish Studies - Comparative Religious Studies | ASOS Eğitim Bilişim Danışmanlık
12079,IoT Networks and Protocols,2022,506,2.458749759471576,0.08962937444612214,-0.056617124056560275,0.39043604562068096,1.203201257449693,0.6678715928187388,0.009942515140655821,0.7333040038237894,0.27154046997389036,Sensors | Multidisciplinary Digital Publishing Institute
11994,Human Resource Development and Performance Evaluation,2024,505,1.6608243583221132,0.31654044399898573,0.1466687549493555,0.7414019103250706,0.4203696027761497,0.0,0.026786642562258225,0.8651224179114266,0.1295843520782396,Academy of Management Proceedings | Academy of Management
12585,North African History and Literature,2025,504,2.88447339639913,0.6156225192808485,0.21738387830831885,0.9240101641524271,1.0456806375943273,0.6616820887229662,0.0016131045728686344,0.8334745865219156,0.09425287356321839,Expressions maghrébines | None
12746,Sustainable Industrial Ecology,2025,502,1.676303029118811,0.19138181811337376,0.01029308065608392,0.5888566074474452,0.7926533210525545,2.9972574132450416,0.02140610339805511,0.8490034199381716,0.0997624703087886,Sustainability | Multidisciplinary Digital Publishing Institute
12557,Inorganic Chemistry and Materials,2024,499,1.6183777184472186,0.23274604114919012,0.1196802463334321,0.5811630373258962,0.4294773662421068,1.5177007962467375,0.009863195524198424,0.652706509459379,0.18996415770609318,Brachytherapy | Elsevier BV
13979,Communication and COVID-19 Impact,2021,498,2.6283234380808134,0.2369731841989264,0.025640113594008085,0.7178547964013724,0.4239398965306174,0.0,0.0008009883946915431,0.8480320112944426,0.09273182957393483,Revista Latina de Comunicación Social | University of La Laguna
14372,Environmental and Biological Research in Conflict Zones,2023,496,2.0483402388902134,0.1419502657864248,0.021175489554842386,0.6125824247087297,1.0699937116404288,0.1825382869870297,0.010888635919332713,0.8118420451675351,0.06265060240963856,International Journal of Environmental Studies | Taylor & Francis
13055,Global Security and Public Health,2021,494,1.6062414082708272,0.11601173715266519,0.03181910396377985,0.5118056668168064,2.5449048834343166,0.8832567488629434,0.003386576892772724,0.8225772299380759,0.058355437665782495,International Affairs | Oxford University Press
14332,European Linguistics and Anthropology,2025,492,3.820346415525861,0.638070482455741,0.21257001262835074,0.9111823346845626,0.3024747388697424,0.0,0.007981635158797459,0.9187028317115543,0.1493212669683258,Bulletin of Udmurt University Series History and Philology | None
14485,Language Acquisition and Education,2025,489,2.2582971967506036,0.4349460041309591,0.1678843406520445,0.700424290403955,0.28277178437831546,0.0,0.007228401638389414,0.8989742680734284,0.09523809523809523,Jurnal Obsesi Jurnal Pendidikan Anak Usia Dini | Universitas Pahlawan Tuanku Tambusai
12740,Gait Recognition and Analysis,2025,485,1.6260399548845246,0.09748205390906213,-0.014550532417735074,0.4987902434100426,0.8932079750447994,0.1366120218579235,0.023274968218186285,0.7932076497433741,0.1295774647887324,IEEE Sensors Journal | IEEE Sensors Council
11195,Simulation Techniques and Applications,2025,484,2.0886870112767397,0.16717655009981724,0.04426619019802658,0.5877574535096035,0.6944509908288139,0.7510824910982082,0.012575014957504042,0.8073925638635827,0.0982367758186398,Anais ... Encontro Nacional de Engenharia de Produção/Anais do Encontro Nacional de Engenharia de Produção | None
12415,Employer Branding and e-HRM,2025,477,1.6981528272037707,0.1343407984739042,0.08864397698024584,0.49914689548835894,1.5760836200647181,0.0,0.0196661806374365,0.850775357196132,0.13513513513513514,Academy of Management Proceedings | Academy of Management
13316,"Crafts, Textile, and Design",2025,477,1.7347250665744551,0.2641306769787131,0.09491881607298813,0.7159492592949644,3.715026001844176,1.0412770287724036,0.006215877293953602,0.8405750424364743,0.05596107055961071,International Journal for Research in Applied Science and Engineering Technology | International Journal for Research in Applied Science and Engineering Technology (IJRASET)
13650,Computational Physics and Python Applications,2024,476,1.6772681638500548,0.2966378096941659,0.0869283447784075,0.7574091091566633,0.42178824675897447,0.6575770196352798,0.01281087896279947,0.8963938483861922,0.07105263157894737,IEEE Transactions on Cybernetics | Institute of Electrical and Electronics Engineers
12217,Higher Education Teaching and Evaluation,2024,475,2.2831591521488304,0.3769775958846696,0.22476906196949953,0.7472936134305623,0.5387934458974698,0.0,0.0007720971576393263,0.719603495681226,0.09169054441260745,Horizontes Revista de Investigación en Ciencias de la Educación | None
13285,Local Governance and Development,2023,471,1.5658201973278318,0.1441495887903853,-0.06605695496017683,0.47500380510058954,1.377731355953273,0.00854481756814492,0.0013353450680582944,0.7809373968503891,0.18005540166204986,KnE Social Sciences | Knowledge E
13461,Vladimir Nabokov Literary Studies,2025,470,6.776590999124481,0.7609666442780025,0.2741545641401162,0.9306354252093083,0.24035051041384872,0.19723865877712032,0.004141843971631205,0.9093346084206814,0.12149532710280374,Iskusstvo Evrazii [The Art of Eurasia] | None
14061,Educational Practices and Policies,2024,468,2.193274781316866,0.31789313617490017,0.19784067314524112,0.76977353549107,0.3910605130721411,0.0,0.0011359710474754723,0.7361579798243421,0.05263157894736842,"INTED proceedings | International Academy of Technology, Education and Development"
13406,Human Resources and Workforce,2025,465,1.915571315861935,0.7054920499310008,0.07587269202133351,0.8244104909087727,0.2071084885153092,0.0,0.0010822510822510823,0.9281668171253735,0.47506561679790027,Экономика и предпринимательство | None
13842,Intellectual Property Law,2024,464,3.3008590575504897,0.7057572026458164,0.31319570497593263,0.8136113304901805,0.9294512505350268,0.0,0.0028102935711631365,0.7420681811723906,0.30861244019138756,Zygon® | Wiley
13038,Internet of Things and AI,2025,464,1.5281302970715425,0.22472249652257742,0.06464363784267624,0.6240008115096396,1.2168567358993734,0.0,0.03936533021751559,0.9218092651154034,0.10787172011661808,International Journal For Multidisciplinary Research | None
11883,Embodied and Extended Cognition,2025,463,1.584400854717277,0.09362246766076339,0.07808486140404591,0.49903911967567,0.9409195216658768,0.2865376428594819,0.052982877015219726,0.6961548095125792,0.119533527696793,Topoi | Springer Science+Business Media
12687,Public Administration in Developing Nations,2025,460,2.154768557537452,0.38464839307312904,0.02191891006512714,0.7072055721033036,0.7583424168485343,0.0,0.0010913966549995306,0.8461400856370469,0.17857142857142858,Journal Publicuho | None
14270,Simulation and Modeling Applications,2024,457,1.7847695424889738,0.4829725822227809,0.12750186057415513,0.8277468987862617,0.1530425049236611,0.0,0.006488775705337196,0.8325560615125763,0.1126005361930295,Computer-Aided Design and Applications | Taylor & Francis
12509,Corporate Insolvency and Governance,2025,457,2.0068487438815557,0.3193984951539365,0.1120927307170203,0.831452723368753,0.3187743315465555,0.15861753089756872,0.009694590238597943,0.7929187477336604,0.09973753280839895,Arbitrazh-civil procedure | None
12531,Values and Moral Education,2025,455,1.6137582878557235,0.2122798446456019,0.10894482858984045,0.6096878148503259,1.3297221109900221,0.0,0.00392554924598171,0.8579316748665429,0.047493403693931395,International Journal For Multidisciplinary Research | None
10772,Distributed systems and fault tolerance,2025,453,1.732952911238205,0.14516648644065133,0.11956719198331767,0.4522558966328747,0.765482109670265,3.7418514290630696,0.006674807735397071,0.6491993636641252,0.1044776119402985,Proceedings of the ACM on Programming Languages | Association for Computing Machinery
13218,Sesame and Sesamin Research,2025,450,1.5452523520188899,0.13705596365339934,0.1144751090476892,0.4653470036178194,1.7562751320731038,0.0,0.04434915355902938,0.8139821848064995,0.17480719794344474,International Journal of Research in Agronomy | None
12275,Gender and Feminist Studies,2025,449,1.6733513714658022,0.23649023974223843,0.07238062397314504,0.7361030189096892,0.2496149581687219,0.0,0.0006809669731018046,0.8022336857189664,0.08539944903581267,Gaceta Sanitaria | Elsevier BV
13948,Gender and Women's Rights,2025,446,1.7001199562184814,0.2530982691708198,0.017358913987993274,0.6409182788557701,1.012902308876324,0.0,0.002898276698964284,0.8779143988254988,0.09814323607427056,International Journal of Research and Innovation in Social Science | None
12949,South Asian Studies and Diaspora,2025,443,2.7138868149613637,0.6676383058346385,0.1739167818693006,0.8571532561297511,1.097208670226759,0.4432854728836608,0.0058556964548970546,0.8977740634393112,0.22950819672131148,International Journal For Multidisciplinary Research | None
14207,Higher Education Practises and Engagement,2021,443,1.7175224963914335,0.09601602666342104,0.007912811750951043,0.4829295742760385,3.085370358485717,0.21444850356928769,0.010699235939877651,0.8427022027009968,0.08588957055214724,Journal of University Teaching and Learning Practice | University of Wollongong
14436,Employee Performance and Leadership,2023,443,1.9020618058544307,0.18170117992760074,-0.06282906769539909,0.574271035680964,0.7670301613710201,0.0,0.0027851217138440687,0.814011581154073,0.14124293785310735,Jesya (Jurnal Ekonomi & Ekonomi Syariah) | None
11096,Aeroelasticity and Vibration Control,2025,440,1.7084530084598275,0.12069385094327018,0.13215408765339465,0.32963440635444463,4.417774002628366,2.7259598389419133,0.010071767172608008,0.6189146273582092,0.16981132075471697,Aerospace Science and Technology | Elsevier BV
14240,E-Learning and COVID-19,2025,439,4.8221392704390205,0.3534365298463386,0.1928065392809879,0.6423854220785398,3.254549643305842,0.0,0.02545147698177434,0.9691333679609445,0.107981220657277,International Journal of Research and Innovation in Social Science | None
13240,Bioeconomy and Sustainability Development,2021,439,1.786691725551049,0.2147561079784018,0.027083987839183088,0.6113445928805662,3.407570012680655,3.836261829351956,0.022955714123909843,0.8166066167715768,0.15555555555555556,Sustainability | Multidisciplinary Digital Publishing Institute
14241,Evasion and Academic Success Factors,2025,434,2.4389631981266406,0.5723763444324295,0.18672647252935048,0.7601069068212208,0.5078390310553164,0.09861932938856016,0.004694920485761279,0.8786671167745315,0.12941176470588237,Anais ... Encontro Nacional de Engenharia de Produção/Anais do Encontro Nacional de Engenharia de Produção | None
11466,Innovative Education and Learning Practices,2025,424,1.8031118955569638,0.09157491578859375,0.0958969646302048,0.4252727829440562,2.8242916628912123,0.26334300871292055,0.006531837247369533,0.7824612504834461,0.0625,Professional Development in Education | Taylor & Francis
14015,Otitis Media and Relapsing Polychondritis,2025,423,2.278229601970367,0.10673907683777295,-0.018675535152417044,0.6271657303313981,1.223253474686717,1.0107248799704407,0.10185008906481503,0.7714318643794366,0.15988372093023256,Annals of the Rheumatic Diseases | BMJ
13248,Healthcare Technology and Patient Monitoring,2025,421,1.591504496005732,0.16027700245259982,0.09542189879907115,0.49068320345855004,1.356030213196145,3.1281565656565657,0.04349755095181416,0.8387214942793687,0.07272727272727272,Circulation | Lippincott Williams & Wilkins
14414,Artificial Intelligence in Education,2025,421,2.6014694321866925,0.306378044044947,0.13059175380331123,0.6776136893733605,0.7238299013872429,0.0,0.002824858757062147,0.9103229267745842,0.08823529411764706,Экономика и предпринимательство | None
14435,Information Retrieval and Data Mining,2023,421,1.5096779287483397,0.10740756337154046,-0.06037865519304564,0.4109923175536387,0.7405286797489499,0.0,0.00181526189392192,0.7899562125025454,0.15081967213114755,AIP conference proceedings | American Institute of Physics
14434,Historical and Modern Theater Studies,2025,419,2.196821376118497,0.42536967168357637,0.06360212120138176,0.9490132517947906,0.03369322739643419,0.0,0.0015400849116310223,0.8001169054859529,0.13428571428571429,La Palabra y el Hombre revista de la Universidad Veracruzana | Universidad Veracruzana
11574,Artificial Intelligence in Games,2025,419,1.6122286171574864,0.20406102317353733,0.10324468950272392,0.6039031861453011,0.5987930148542046,1.42932285937521,0.009855957774650703,0.7720124318469931,0.10130718954248366,International Journal for Research in Applied Science and Engineering Technology | International Journal for Research in Applied Science and Engineering Technology (IJRASET)
10904,Embedded Systems Design Techniques,2025,416,1.9142565792003965,0.12466250705990872,0.05031561261446793,0.5186161622433393,0.7183335444060613,0.953294491023637,0.004284636915408741,0.7376910339059513,0.09830508474576272,IEEE Transactions on Computer-Aided Design of Integrated Circuits and Systems | Institute of Electrical and Electronics Engineers
13927,Cyberloafing and Workplace Behavior,2025,412,2.7082098691727188,0.15874222331273555,0.10865009251024738,0.5120692096619663,3.4161988158209837,0.08090614886731391,0.014233696563986662,0.906513675963653,0.06613756613756613,Academy of Management Proceedings | Academy of Management
14022,Cultural and Religious Practices in Indonesia,2025,405,1.7993428160879754,0.3034019954454165,0.09578119776368643,0.6445978449977033,1.6839667568123613,0.0,0.0011723448763778447,0.842774340445766,0.06567164179104477,CaLLs (Journal of Culture Arts Literature and Linguistics) | None
12896,Sustainable Agricultural Systems Analysis,2025,404,2.1846928778801646,0.1521286672288873,0.09131233444514386,0.6418055177019478,0.6313777228633656,0.12919896640826875,0.03132381580450761,0.8016159044373891,0.07076923076923076,Frontiers in Sustainable Food Systems | Frontiers Media
12031,Speech and dialogue systems,2025,402,2.1512469918587254,0.1036327155286377,0.0033635122706643372,0.533436709660068,0.6786164405671217,1.2546380547972904,0.01387580591351833,0.7669329207118367,0.06051873198847262,Neurocomputing | Elsevier BV
14125,"Education, Sociology, Communication Studies",2025,401,2.1203980161288793,0.29511288617557074,0.0890323031230067,0.6425357695500276,1.8891391040468182,0.0,0.007376064746358099,0.923886756757701,0.05962059620596206,International Journal of Research and Innovation in Social Science | None
13805,Adolescent Health and Behaviors,2025,395,1.6673563494501722,0.31998865775535423,0.09447354835890964,0.6414042286308449,0.32278066740714245,0.0,0.009738785864283768,0.8220916550792486,0.13131313131313133,PREPOTIF Jurnal Kesehatan Masyarakat | Universitas Pahlawan Tuanku Tambusai
13678,Agricultural Research and Practices,2025,391,2.09320374160781,0.38443443851001696,0.15926161091834734,0.6482701098779513,0.47928350894969424,0.0,0.003416107472442105,0.8501144632426737,0.09734513274336283,International Journal of Advanced Biochemistry Research | None
11435,Polynomial and algebraic computation,2025,390,1.6891653013861434,0.19300984789625777,0.07152013151320258,0.604846153669086,0.39507058500224246,7.119475881342666,0.0014475861031734098,0.623160295018763,0.0962962962962963,Journal of Algebra | Elsevier BV
13670,Ziziphus Jujuba Studies and Applications,2025,389,1.611932632465517,0.07713026801457025,0.0521905449819795,0.4305789702443412,1.1456909985864085,0.0,0.04673392606007668,0.8283274510655816,0.07236842105263158,Food Chemistry X | Elsevier BV
12584,Hospitality and Tourism Education,2025,387,2.0180212058848874,0.18270170778801043,0.1484093832817428,0.583224972467388,0.9805055234010216,0.4069278775769361,0.019651997164224194,0.7961478163409009,0.08038585209003216,International Journal of Research and Innovation in Social Science | None
12216,Network Time Synchronization Technologies,2025,385,1.8003364241492292,0.14139045650561974,0.13938730875456828,0.41855288311388733,1.0149443303005035,1.3793039655108623,0.009222850055166628,0.7059690220957912,0.09540636042402827,IEEE Transactions on Network Science and Engineering | Institute of Electrical and Electronics Engineers
14269,Food Security and Socioeconomic Dynamics,2025,384,2.038019274505,0.2565144372156279,0.00615254271650123,0.6495221423115232,0.5446492619345701,0.0,0.0037998063443507694,0.911923511448678,0.07894736842105263,BIO Web of Conferences | EDP Sciences
13731,Advanced Computing and Algorithms,2024,383,1.6243652419931929,0.27020847850592433,0.13506038854466818,0.515392932618073,2.6394136495745593,0.0,0.008624899983624866,0.9445828197476519,0.0946372239747634,IEEE Access | Institute of Electrical and Electronics Engineers
12662,Digitalization and Economic Development in Agriculture,2021,380,2.80054000692789,0.45311195593384507,-0.054564395922787945,0.6373371942468643,0.5806288411015688,0.0,0.0022781182619802357,0.8991152228876071,0.4619883040935672,E3S Web of Conferences | EDP Sciences
11331,Fecal contamination and water quality,2025,377,1.5842071954286692,0.17463494514301187,0.18972774858463293,0.4616584893455646,0.6356690539820127,2.904480653558144,0.034291882769305,0.7184171109321585,0.08949416342412451,ACS ES&T Water | American Chemical Society
12451,Smart Grid and Power Systems,2025,376,2.666199737360451,0.3424788158598795,-0.02798044793341692,0.8068062504177597,0.20442512124606071,0.0,0.005350686229393134,0.8336564100359526,0.1345565749235474,IEEE Access | Institute of Electrical and Electronics Engineers
14430,Higher Education and Teaching Methods,2024,374,2.1075515593937446,0.6228773681664682,0.12231232898445832,0.7588573847471686,0.1725471295276808,0.0,0.004681540771083979,0.8344526319457796,0.3554817275747508,Advances in Education | None
13207,Youth Substance Use and School Attendance,2025,374,1.5724554936956237,0.07937008015068782,0.033352311723401584,0.4415424141192385,3.937871500390385,0.9219185156494957,0.0445959369506963,0.8415021190456727,0.07051282051282051,Journal of Affective Disorders | Elsevier BV
11696,Conflict Management and Negotiation,2025,373,1.772972954879657,0.2763481311505543,0.16221731102096015,0.632602556135022,1.0306304223825793,0.5961005617834719,0.018655163599638216,0.854974750362175,0.11875,Academy of Management Proceedings | Academy of Management
14286,Parkinson's Disease and Spinal Disorders,2024,371,1.5089010734343542,0.34846274858623627,0.12713384144387252,0.8046529946813233,0.24769261351679484,0.10288065843621398,0.03083662461844797,0.8354482971757667,0.1761904761904762,"Reactions Weekly | Adis, Springer Healthcare"
12802,Competency Development and Evaluation,2025,366,1.875033439222841,0.18149228295027145,0.06541510522669469,0.7031209743911336,0.40905066683054253,0.0,0.022045371958454723,0.927380424213081,0.049079754601226995,International Journal For Multidisciplinary Research | None
12972,German Colonialism and Identity Studies,2025,365,2.1627418082312166,0.36721142298655157,0.04521875021648114,0.8884145465886683,0.5623301447757441,0.8531285237641099,0.0024828692861479746,0.8537056838988533,0.08754208754208755,Journal of Austrian studies | Austrian Studies Association
12654,Xenotransplantation and immune response,2025,365,2.215466263383577,0.14234874603722716,0.16493865751818415,0.43071387473193434,2.5896024189987523,1.8425543485616345,0.13614371491447474,0.6462100823042899,0.2549019607843137,American Journal of Transplantation | Elsevier BV
14334,HIV/AIDS Impact and Responses,2024,364,1.5870926892393764,0.23866699261659438,0.16945085127208825,0.6816573563217473,0.4128717863544587,0.08250825082508251,0.016742459466917672,0.8473239026086267,0.059233449477351915,World Journal of Advanced Research and Reviews | GSC Online Press
12292,Graph Theory and Algorithms,2025,363,1.6307825511122236,0.1782265925848629,0.018901730649257598,0.6030559042886804,0.48178322189737877,3.1827179422634644,0.005103577788806229,0.7144399459510806,0.10256410256410256,Proceedings of the VLDB Endowment | Association for Computing Machinery
13801,Urban Arborization and Environmental Studies,2025,361,3.507999918657284,0.8780018048713761,0.31640892625066863,0.857972628681282,0.11028078642267847,0.21115631175909702,0.0011029009304871374,0.8115765033045678,0.3707482993197279,Anais ... Encontro Nacional de Engenharia de Produção/Anais do Encontro Nacional de Engenharia de Produção | None
12686,Central European national history,2025,354,3.4409465173656217,0.5636875931702873,0.22555366089568496,0.9002869352869354,0.10062217053317052,0.6625705004640536,0.00950042218698935,0.8865301549237911,0.0759493670886076,Das Historisch-Politische Buch | Duncker & Humblot
14519,Innovations in Education and Learning Technologies,2025,352,2.525939340534134,0.2819516512827471,0.11852929641579069,0.600537878387577,0.8768352101574731,0.0,0.007900049374594811,0.9455794703436317,0.109375,Russian Journal of Education and Psychology | None
14054,Humic Substances and Bio-Organic Studies,2025,351,2.130489475199002,0.3948298805930089,0.14635970715547852,0.6791021152398592,0.39118098175392824,0.14124293785310735,0.03710893055416847,0.8941883517095254,0.215625,International Journal of Advanced Biochemistry Research | None
10011,"Literature: history, themes, analysis",2025,350,1.672838967692654,0.3643827045854263,0.1254528247442992,0.8846670020139408,0.38471340954789923,0.0,0.013339284810364537,0.7294091350452329,0.09663865546218488,The Review of English Studies | Oxford University Press
14163,Astronomical Observations and Instrumentation,2025,350,2.5984243618015888,0.2767130130673949,0.08960709013144852,0.6674921510961288,0.5362708702869141,0.09551098376313276,0.007229088290006299,0.6400637815298977,0.28040540540540543,Astronomy and Astrophysics | EDP Sciences
14119,Agricultural and Environmental Management,2023,349,1.6624279840058205,0.17375922863682666,0.019887284214195278,0.45479918821170684,0.8620201938981941,0.0,0.002083803632688426,0.7738927121893173,0.17928286852589642,Biodiversitas Journal of Biological Diversity | MBI & UNS Solo
13832,Advanced Decision-Making Techniques,2024,348,2.4389680814123067,0.346272309510965,0.18552646901408298,0.56482569564839,0.6705738709702977,0.0,0.002713011415071427,0.8548687105679385,0.09302325581395349,IEEE Access | Institute of Electrical and Electronics Engineers
13446,"Antioxidants, Aging, Portulaca oleracea",2025,347,1.686452601025241,0.08705724150033856,0.010078479642316118,0.4806054710529419,0.9523485178634593,0.2766251728907331,0.050014757540742784,0.852753517336016,0.08275862068965517,Frontiers in Pharmacology | Frontiers Media
13701,Psycholinguistics and Behavioral Studies,2025,344,2.353144075532964,0.4978702710929249,0.21364487782203412,0.7977505354670659,0.4249469660143593,0.0,0.0010482180293501049,0.9506018937592892,0.07432432432432433,Церковный историк | None
12290,Human Motion and Animation,2025,342,2.4402204683770616,0.16324638102543151,0.034503525985909445,0.49605832989898685,1.2941186926652735,2.7101814975830725,0.0066160066939956646,0.8255640278600375,0.1076388888888889,Journal of Computational Methods in Sciences and Engineering | IOS Press
11032,VLSI and Analog Circuit Testing,2025,342,1.9087940604260034,0.11052392866845168,0.0859754201635643,0.45083938460793976,0.7485055613074847,0.5639080771140909,0.0040168990027123425,0.7363507439046755,0.10569105691056911,IEEE Access | Institute of Electrical and Electronics Engineers
13553,Age of Information Optimization,2023,341,11.771486973821085,0.08399553883367385,-0.1771474046780357,0.19057899235888756,2.336209565590742,2.1213369971348235,0.0005837711617046118,0.7091473556666608,0.29012345679012347,IEEE Internet of Things Journal | Institute of Electrical and Electronics Engineers
12515,Gender and Technology in Education,2025,338,1.5421957923525977,0.1015300914377493,0.030643510319446676,0.5044361429563642,1.715574049461748,0.11037527593818985,0.0161140020600941,0.8470341325576264,0.08552631578947369,"ICERI proceedings | International Academy of Technology, Education and Development"
13324,Scientific and Engineering Research Topics,2023,336,5.917798227308464,0.8588626689297543,0.10189754683204422,0.7225920841912606,0.4307224359414323,0.0,0.0580157456351643,0.9506521207635945,0.7716049382716049,AIP conference proceedings | American Institute of Physics
14405,Fisheries and Aquaculture Studies,2025,332,2.143373971142579,0.208013463530667,0.0755679941762053,0.6187516831143155,0.764038068142694,0.0,0.02710680383873155,0.8798159949065717,0.1288135593220339,International Journal of Agriculture Extension and Social Development | None
14176,Interdisciplinary Cultural and Social Studies,2025,331,1.9331287375856467,0.415662730884395,0.08280738277594812,0.9144745546762927,0.14007227602801434,0.0,0.004374743655152406,0.9509358475541915,0.061224489795918366,The New Scientist | Elsevier BV
13440,Electromagnetic Effects on Materials,2025,330,1.8124213658825474,0.09524558041874853,0.05540597518609003,0.3867254914687497,1.095668512982501,0.12674271229404308,0.009968980418202435,0.6678257746514126,0.15748031496062992,Journal of Materials Research and Technology | Elsevier BV
13490,Aquatic Ecosystems and Biodiversity,2025,326,1.5375638336280089,0.09328735364415308,0.04943124281240552,0.5602812591448956,0.8172574782383019,1.1062864980848293,0.027955006810433978,0.6873719507926687,0.05904059040590406,Egyptian Journal of Aquatic Biology and Fisheries | Egyptian Society for the Development of Fisheries and Human Health
13911,"Employment, Labor, and Gender Studies",2024,325,3.5013965218979344,0.6932073056751135,0.22939606697920878,0.9140139545527051,0.09636035035004971,0.0,0.0,0.7545819611910857,0.2831541218637993,Revista Española de Investigaciones Sociológicas | Centro de Investigaciones Sociológicas
12814,Gaussian Processes and Bayesian Inference,2025,325,1.717177128396583,0.0846064936183862,0.0029191652825351078,0.3774113295905064,1.291225303855245,3.0329155249501287,0.011988389364210495,0.7778795147228487,0.08778625954198473,Proceedings of the IEEE | Institute of Electrical and Electronics Engineers
13282,Automated Road and Building Extraction,2024,325,1.7710427294551145,0.08156472255707183,0.0022488139276184427,0.28556742508874633,2.0402970865968997,0.2326998050682261,0.008382916220759656,0.7964861907965023,0.20168067226890757,IEEE Transactions on Geoscience and Remote Sensing | Institute of Electrical and Electronics Engineers
14007,Indigenous and Place-Based Education,2025,324,1.9049465043221159,0.2517654781433697,0.09391519202337628,0.5380856453926686,2.4770428260295563,4.706506066492807,0.007427035003839649,0.8285520434645471,0.09454545454545454,"ICERI proceedings | International Academy of Technology, Education and Development"
14011,Elevator Systems and Control,2024,321,1.9366644176711918,0.25145742191365206,0.042091486920006194,0.6713271170054885,0.4532789243073167,0.5723827275551413,0.007522795086898098,0.8831018588057443,0.09352517985611511,IEEE Electrical Insulation Magazine | Institute of Electrical and Electronics Engineers
13353,Flow Experience in Various Fields,2025,320,1.7928854024105574,0.12298150697114581,0.07298076929509989,0.47935062545989693,1.846420666456428,1.1548825294659413,0.023644264109742037,0.8455485990771492,0.0967741935483871,Frontiers in Psychology | Frontiers Media
13162,African Studies and Ethnography,2025,318,2.1653602425696983,0.5207434002611239,0.19579289027890567,0.866074259736898,0.13884341076859794,0.10548523206751055,0.0013473204501763345,0.8307588183508591,0.12260536398467432,Afrique en mouvement | None
12997,Outdoor and Experiential Education,2025,315,1.7034115260699305,0.12032722681329551,0.06697484562943234,0.5548907961117263,0.8528216704811123,0.2958579881656805,0.025683438326404396,0.7780944744517905,0.0851063829787234,Journal of Outdoor and Environmental Education | Springer Science+Business Media
14454,Polymer Science and Applications,2025,310,2.0629229555436224,0.5311372687835361,0.17562672588461936,0.9122006718497947,0.08371180273004832,0.0,0.0024741340530814214,0.8188974837665336,0.11693548387096774,Polymer Science Series D | Pleiades Publishing
13421,"Contemporary art, education, critique",2025,308,2.816917646919194,0.6976540468105871,0.19022856410720435,0.950768026636731,0.15619380697063426,0.0,0.0018547898798985229,0.8639425186485301,0.18007662835249041,Déméter | University of Lille
14126,Intramuscular injections and effects,2021,305,1.5974139183687317,0.26963376007100537,0.06968472642491719,0.7316434801290409,0.43287173725235534,0.13280212483399734,0.039369566776630886,0.9343365721912864,0.168,"Reactions Weekly | Adis, Springer Healthcare"
12591,Inclusive Education and Diversity,2025,304,2.267150033456172,0.3787039487860177,0.18934109931063148,0.7017594062254817,1.1669326883582987,0.0,0.003824591913921939,0.8356767497740482,0.14285714285714285,Ciencia Latina Revista Científica Multidisciplinar | Latin American Association for the Advancement of Sciences
13715,Power Line Inspection Robots,2025,303,2.007524733696167,0.2913844107269853,0.031709044283186216,0.6804207573370413,0.5304039314215815,0.6280433113292164,0.01049241452464482,0.8649911434015006,0.11553784860557768,Electronics | Multidisciplinary Digital Publishing Institute
13202,Pharmacology and Nanomedicine Research,2025,303,4.5986720553969045,0.3940668112948672,0.22748878899211178,0.6211686926003819,3.164176531641161,0.0,0.07319497885535621,0.9790953290953291,0.14840989399293286,International Journal For Multidisciplinary Research | None
12481,Digital Accessibility for Disabilities,2025,301,1.8752126262292697,0.09419640776740737,0.034262674162221174,0.46178898311075717,3.2906382515341313,0.6860787914345873,0.02051267591725099,0.7579443010578234,0.10646387832699619,Universal Access in the Information Society | Springer Science+Business Media
10317,Advanced Database Systems and Queries,2025,300,1.5459533177777522,0.18136293250914812,0.08153342076058978,0.5371962341394655,0.5728156203961007,1.7614141173038416,0.007021789334268863,0.7032882424699012,0.1813953488372093,Proceedings of the VLDB Endowment | Association for Computing Machinery
14416,"Health, Technology, Consumer Behavior",2025,296,6.378114930310859,0.6833686116296933,0.26014373948912306,0.7686526747948591,0.21881798606429337,0.0,0.003619084905176713,0.9600946927865581,0.08391608391608392,Jurnal Ilmu Administrasi Bisnis | None
14002,"Art, Technology, and Culture",2025,295,1.7479694066526272,0.33281429966058473,0.041193845486178216,0.8979802058475448,0.9408881126631311,0.0,0.001501530972756536,0.911346924641293,0.06746031746031746,USURJ University of Saskatchewan Undergraduate Research Journal | University of Saskatchewan
12944,Animal Nutrition and Health,2021,292,1.8997114088633063,0.5568176800271433,0.03734032113654573,0.7639641060488103,0.2361850215891629,0.0,0.003989185943823595,0.8242101720708749,0.45794392523364486,E3S Web of Conferences | EDP Sciences
12988,Sociology and Education in Brazil,2025,291,2.344065982218312,0.6133278981402198,0.19951473773319295,0.8874836335196559,0.10407203357869636,0.30394516747582717,0.0,0.8423639862080421,0.08713692946058091,Estudos Históricos (Rio de Janeiro) | Fundação Getúlio Vargas
13314,Lymphadenopathy Diagnosis and Analysis,2021,291,2.576251026112818,0.28734288779010464,0.11539930965777057,0.7322669898748435,0.4195409379399493,0.0,0.03661935260515839,0.9339379531254851,0.13026819923371646,Clinical Nuclear Medicine | Lippincott Williams & Wilkins
14062,Migration and Exile Studies,2025,290,2.6012869629080217,0.6178026729155913,0.20517520850835425,0.9136766194193259,0.10503510330216041,0.17006802721088435,0.0010515247108307045,0.899187588962905,0.09274193548387097,Revue européenne de migrations internationales | University of Poitiers
13947,Media Discourse and Social  Analysis,2025,289,2.128985002148115,0.4732450432248712,0.10898014484362761,0.7905392570979984,0.26053681535444784,0.0,0.0016556291390728477,0.8091400182978189,0.15555555555555556,The Journal of Social Sciences | None
14187,Varied Academic Research Topics,2023,289,1.5686197345184778,0.19244799009590358,-0.030962723540751913,0.6367507553400312,0.39133287258596444,0.0,0.005710585471917484,0.903166251280203,0.108,AIP conference proceedings | American Institute of Physics
11338,Advancements in Photolithography Techniques,2024,288,1.6977453556395672,0.15367769701416503,0.1510143223009317,0.6342420236268903,0.4549315599497581,0.29206203448627693,0.002473354284075344,0.5370244683017091,0.09852216748768473,Optics Express | Optica Publishing Group
13904,Artificial Intelligence Applications,2025,288,3.610838497220814,0.40847867678435146,0.12077021504409258,0.7301631865677415,0.3593779072721108,0.0,0.007984462865918106,0.9808144694212967,0.08058608058608059,Advances in Education | None
13629,Text Readability and Simplification,2025,287,1.9478952861606367,0.06432951470006398,-0.04466414626647586,0.47743650108016134,1.124672170089964,1.1066141040247588,0.014717811601544548,0.8222494399182834,0.038910505836575876,Humanities and Social Sciences Communications | Palgrave Macmillan
11522,VLSI and FPGA Design Techniques,2025,286,1.694641526449666,0.20746985072678403,0.1304672409992711,0.5053109633293443,0.7258886816473508,1.334736904584214,0.005348549527711637,0.6797918629458536,0.2102803738317757,ACM Transactions on Design Automation of Electronic Systems | Association for Computing Machinery
10575,Wireless Communication Networks Research,2024,285,3.135501768656058,0.45177515028950543,0.30422884225796754,0.6720412161740933,0.33542668989026375,0.0,0.006927525532176695,0.7633901602185534,0.1759656652360515,IEEE Transactions on Vehicular Technology | Institute of Electrical and Electronics Engineers
12204,African Education and Politics,2025,281,1.6089366010946233,0.588015260534507,0.15670148391220495,0.719436358792156,0.5721505469866219,0.0,0.007093631691799838,0.872501129288529,0.3508771929824561,International Journal of Research and Innovation in Social Science | None
10456,Multi-Agent Systems and Negotiation,2025,281,1.774395468942984,0.10788727223286608,0.11459772843613703,0.5161384460164948,0.6746772931111348,0.4976714455300886,0.009157409228403097,0.6865282979618631,0.07048458149779736,Journal of Logic and Computation | Oxford University Press
14357,"Architecture, Design, and Social History",2024,279,1.8287121630129866,0.3776879987982066,0.12919165302437463,0.7974584288687128,0.4381135198360639,0.10582010582010581,0.005430250241197918,0.8608429195864223,0.14102564102564102,Journal of the Society of Architectural Historians | University of California Press
13416,Educational Theory and Curriculum Studies,2025,278,4.076218458903582,0.42372090004975765,0.3072983198771029,0.6431518474996736,1.2720446640955336,0.6485671191553545,0.006930006930006931,0.8257691626836609,0.08527131782945736,"ICERI proceedings | International Academy of Technology, Education and Development"
14347,Big Data and Digital Economy,2025,278,3.247189057696736,0.43825528157185867,0.18685722278826633,0.7304360691383641,0.8233032623140518,0.0,0.008677503264345127,0.9606698185475797,0.10344827586206896,IEEE Transactions on Cybernetics | Institute of Electrical and Electronics Engineers
13014,Peace and Human Rights Education,2025,276,2.2525159964974186,0.21208713807382507,0.11023523903763,0.6085940665574405,1.0027798218910207,0.5046543870073282,0.005689650482796137,0.848725507296936,0.1111111111111111,Teaching in Higher Education | Taylor & Francis
12188,"Architecture, Modernity, and Design",2025,275,1.9586264933905124,0.4007542542155375,0.15178799499578677,0.925964805248511,0.3705971182641328,0.1366120218579235,0.0025746892193654718,0.7958829574801566,0.07582938388625593,Journal of Traditional Building Architecture and Urbanism | None
14354,Emergency Medicine Education and Research,2025,275,4.840390835339585,0.6626091796484378,0.31260310431629756,0.8707300249465182,0.12306902526458745,0.0,0.0046853422765831525,0.9389048781905925,0.10727969348659004,Russian investigator | None
14308,Psychological and Educational Research Studies,2025,273,1.5791995065979179,0.12051005602057681,0.04717095594418552,0.5048176298599996,1.3423325164998028,1.8633130847575419,0.02175563535324831,0.8351013038093301,0.06504065040650407,Scientific Reports | Nature Portfolio
12321,Insect Pheromone Research and Control,2025,271,1.5218390886756632,0.17042509126609076,0.1468556922245141,0.47991420223892556,1.109507722750804,3.0477701105769675,0.01360104831665449,0.7182574274653094,0.11274509803921569,Ecologica Montenegrina | Centre for Biodiversity of Montenegro
13972,Business Law and Ethics,2025,270,2.167301073887522,0.5216161867097123,-0.00718075424236142,0.914029102217588,0.1909798097090706,0.0,0.0,0.86347149024725,0.29411764705882354,Campus Legal Advisor | Wiley
14045,"Health, Education, and Physical Culture",2025,269,3.277619979798295,0.47242151762387063,0.05039346574848036,0.8113755467857499,0.18578823041970735,0.0,0.0010416666666666667,0.9009822830067787,0.29098360655737704,Cirugía Española | Elsevier BV
11971,"World Wars: History, Literature, and Impact",2025,267,1.8558813060080634,0.46307175392639727,0.1676560034581538,0.8962104592109253,0.2142512917060518,0.6510498765937021,0.0033555594893884856,0.8326043132164506,0.08056872037914692,Current Digest of the Russian Press The | East View Information Services
13760,"Finance, Taxation, and Governance",2024,264,2.4744638558446694,0.33083931359058893,0.03536340282498074,0.8589646425561918,0.07729053838128486,0.0,0.0,0.6593886173081661,0.20207253886010362,Ciencia y Desarrollo | None
13109,Theological Perspectives and Practices,2025,263,1.931859924231882,0.4550012905259503,0.17645514573415877,0.7808283285014875,0.38676506356242357,0.0,0.0013386880856760374,0.8567992002255598,0.13846153846153847,Religions | Multidisciplinary Digital Publishing Institute
12927,"Memory, History, Trauma, Identity",2024,262,1.8427411929788255,0.5879007139644836,0.17222239050328003,0.9458341086943585,0.3646596522690455,0.23271863514532876,0.0029367378968972596,0.8853450160107754,0.11049723756906077,Das Historisch-Politische Buch | Duncker & Humblot
14074,Persona Design and Applications,2025,261,1.9807818299529594,0.1500756913621902,0.013355390297103753,0.5734633988887804,0.6479622288090169,1.8490503130893217,0.013732125407603346,0.8990817947570742,0.0759493670886076,International Journal of Human-Computer Studies | Elsevier BV
14509,demographic modeling and climate adaptation,2024,261,1.5957460218498718,0.2654630402996019,0.16366705313956942,0.6992983249676437,0.5795453078341967,0.9174045157819747,0.01610109081494149,0.8034257183695194,0.06481481481481481,European Journal of Public Health | Oxford University Press
13424,"Ukraine: War, Education, Health",2025,259,1.930503363962774,0.4886689304194663,0.10334130170763967,0.8268574357009019,0.20992811537568246,0.0,0.0023724792408066427,0.9102430657622272,0.1762114537444934,Visnik Nacional noi academii nauk Ukrai ni | None
14330,Library Science and Information Systems,2025,257,2.010199418265178,0.4489432741054317,0.1029709592582857,0.7985474163028425,0.3486218583195118,0.09950248756218905,0.0032732493357544895,0.7799701297115481,0.25229357798165136,Glossa a journal of general linguistics | Ubiquity Press
14070,Knowledge Societies in the 21st Century,2025,254,1.68403450342927,0.31611347006208695,0.04492073879085279,0.7610795744939218,0.6506575515101071,0.0,0.0005787037037037037,0.8995627936485141,0.19545454545454546,Ciencia Latina Revista Científica Multidisciplinar | Latin American Association for the Advancement of Sciences
12320,Feminist Epistemology and Gender Studies,2025,254,1.6341402238330156,0.12508469975572606,0.1127363021592167,0.361838155815463,3.0203643303482406,0.7173856408496794,0.005046814099305202,0.7684355585052449,0.1693121693121693,Philosophical Studies | Springer Science+Business Media
13997,Scientific Research and Studies,2025,253,2.5935984300127273,0.6137291587225844,0.29018962888505717,0.8619339506822407,0.12430956386579678,0.0,0.0012077294685990338,0.8452736775279649,0.0761904761904762,Odesa National University Herald Geography and Geology | None
13535,Wireless Sensor Networks and IoT,2024,253,1.760119904087165,0.4704474410443624,0.09190741817328885,0.8195502947592742,0.1653439496752284,0.0,0.003626990858112139,0.9363773022524081,0.13942307692307693,IEEE Access | Institute of Electrical and Electronics Engineers
12913,Multidisciplinary Research Papers Compilation,2025,253,3.4708449578111495,0.8509864261319195,0.17107562230646423,0.9011810233941487,0.1786470108200883,0.0,0.002904879438010252,0.9475144892298545,0.5672268907563025,Revista Española de Cardiología | Elsevier BV
13137,Strategic Planning and Analysis,2025,253,1.530489153411929,0.1693380195983526,0.0528667358085948,0.6019390684887328,0.6616947247752578,0.0,0.007635724576514051,0.9569550070532044,0.08264462809917356,Экономика и предпринимательство | None
13934,Indigenous Knowledge Systems and Agriculture,2025,250,4.309537115074904,0.3777177019154438,0.2608664726883645,0.5890061380911491,1.0194543279373256,1.1955506840417327,0.0354778898851297,0.8990118282533847,0.1134453781512605,International Journal For Multidisciplinary Research | None
10906,AI-based Problem Solving and Planning,2025,249,2.038635636807858,0.07601936900724938,-0.05809464146503096,0.5150303643724697,0.6919225451248315,2.5262588093230485,0.012043909264499228,0.7326503215499397,0.06341463414634146,IEEE Access | Institute of Electrical and Electronics Engineers
10927,Access Control and Trust,2025,249,2.1597427043409985,0.13997880752303918,0.14294929770128117,0.42709320487459723,2.0084350548581518,1.0197794184668671,0.00737009893099087,0.7755459859527613,0.1024390243902439,Journal of Information Systems Engineering & Management | Lectito Journals
13281,Andrographolide Research and Applications,2021,248,1.9039775416405762,0.04952349457391816,0.07300988665307617,0.29295007661599354,2.880522964393325,0.0,0.05791866577065133,0.7960923776738243,0.1044776119402985,Frontiers in Pharmacology | Frontiers Media
14441,"Religion, Theology, History, Judaism, Christianity",2025,245,1.6259837294303883,0.4127294227928087,0.11282417914745402,0.9342658817042118,0.16818639063234886,0.217618748692195,0.0028824862426131363,0.802868720802231,0.0989010989010989,Das Historisch-Politische Buch | Duncker & Humblot
13211,"Memory, Trauma, and Testimony",2025,245,2.8930943611914626,0.6624842090283831,0.19179682573795986,0.9607817303469478,0.04495165764790765,0.0,0.0013175230566534913,0.8714691127160895,0.08673469387755102,Nau Literária | Associação Sul-Rio-Grandense de Pesquisadores em História da Educação (ASPHE)
13533,Medical Case Reports and Studies,2025,244,3.2474400074364116,0.7018743559527166,0.1949928372728542,0.893178719624629,0.07021877650350382,0.0,0.043947018639856526,0.9752227200620694,0.29357798165137616,Journal of Ayurveda and Integrated Medical Sciences | None
12101,Advanced Bandit Algorithms Research,2022,242,2.4092335829075573,0.12300185403216808,0.12625353821323726,0.29291303184314277,1.7504911134281347,4.208197162351094,0.0,0.631611765896806,0.1477832512315271,Operations Research | Institute for Operations Research and the Management Sciences
13266,Indigenous Studies in Latin America,2025,242,2.2083513712978027,0.46567951965279186,0.15846001793820186,0.8449364386279674,0.6820954094888471,0.0,0.003304261831521207,0.8678578445172098,0.05365853658536585,Patrimônio e memória | UNESP
13151,Business Strategies and Innovation,2024,240,2.4188307486262652,0.46782514232934136,0.25616528667069716,0.7733869445176582,0.2889202073757125,0.0,0.011688772885234901,0.9419630471970423,0.08292682926829269,Academy of Management Proceedings | Academy of Management
11543,Employee Performance and Motivation,2024,238,6.971145806001791,0.7255017583190441,0.1816072040562542,0.7737568921621468,0.36417203425908634,0.0,0.0006459948320413437,0.9089093341900716,0.23076923076923078,Journal of Economic Bussines and Accounting (COSTING) | None
14104,Developmental and Educational Neuropsychology,2025,236,2.3736830681613266,0.33479381508261086,0.03129967992621019,0.8106663925020997,0.24056807124367394,0.0,0.0008130081300813008,0.8753968699580233,0.18981481481481483,Ciencia Latina Revista Científica Multidisciplinar | Latin American Association for the Advancement of Sciences
14361,Corporate Social Responsibility Disclosure,2025,236,7.533709327093907,0.8563285463747291,0.4470240625593602,0.7451358814685097,0.21523869217850397,0.0,0.0,0.9553548634413248,0.1277533039647577,PREPOTIF Jurnal Kesehatan Masyarakat | Universitas Pahlawan Tuanku Tambusai
10437,Educational theories and practices,2024,235,2.097759762350279,0.3275168621281354,0.1670361754076093,0.8007365669065113,0.33469723307893856,0.0,0.0,0.7498132266609804,0.10160427807486631,Logos Revista de Lingüística Filosofía y Literatura | University of La Serena
12036,Argentine historical studies,2025,235,1.7398865181574181,0.29795904543980245,0.09850183161153803,0.8164409926637081,0.5979228328502854,0.0,0.0,0.48394841542049666,0.14788732394366197,Prismas - Revista de historia intelectual | National University of Quilmes
14100,Scientific Research and Technology,2025,234,1.9844802360291416,0.4168190155337625,0.2813340646458107,0.6532472423997847,0.6416135758676352,0.0,0.016181958714593547,0.9519440342648972,0.13574660633484162,Ciencia Latina Revista Científica Multidisciplinar | Latin American Association for the Advancement of Sciences
13356,Early Modern Women Writers,2025,231,1.891264385954278,0.4111583855356896,0.14754913005447623,0.8955895374684083,0.673433630535002,0.39288668320926384,0.0029461442256862517,0.7541694023758215,0.0972972972972973,Librosdelacorte es | Autonomous University of Madrid
14016,International Relations and Autism,2025,227,2.9154212964294364,0.49633429988485117,0.031970051353615414,0.7263317596812638,0.6694785121008316,0.0,0.0,0.9352025606428628,0.32367149758454106,"Revista Ibero-Americana de Humanidades, Ciências e Educação | Arche Scientific and Editorial Consultancy"
13057,Asian Industrial and Economic Development,2024,226,1.6837025107224517,0.22300984474869093,0.1316355459502696,0.706067680534009,1.3373893533390646,0.0,0.0038576412472690557,0.8127773857131656,0.07853403141361257,Asia policy | National Bureau of Asian Research
13480,Innovations and Analysis in Business and Education,2025,226,4.716689300060398,0.6914366759887525,0.18394414749408927,0.7786075055040184,1.3720352199597283,0.0,0.02416691150699249,0.9007436771228851,0.32558139534883723,International Journal For Multidisciplinary Research | None
13799,Media and Communication Studies,2025,225,2.4406621865295794,0.5277613682827128,0.1639833819756431,0.8352030518467141,0.12721059175770186,0.0,0.0,0.7700811626211078,0.1456953642384106,Organicom | School of Communications and Arts of the University of São Paulo
14453,Sustainability and Innovation in Business,2023,224,2.1012471966530053,0.20088163213838917,-0.01142433952462829,0.6119414415521107,0.6097647116572703,0.0,0.006368756883047257,0.9682711718917858,0.2048780487804878,E3S Web of Conferences | EDP Sciences
13027,Applied Advanced Technologies,2022,223,48.28671564255116,0.9959513377433006,0.3761476967784261,0.6329821028278251,0.719174896009398,0.0,0.004273504273504273,0.9786762527332503,0.547085201793722,Journal of Sensors | Hindawi Publishing Corporation
13821,Coaching Methods and Impact,2025,222,2.1139231236569698,0.1763108914811666,0.05404301256154964,0.6977552707722486,0.42928619957906017,0.10683760683760685,0.03283137340474146,0.860770528711865,0.06796116504854369,Journal of Family Theory & Review | Wiley
12882,Jungian Analytical Psychology,2025,221,1.9118637584763958,0.5033188453415548,0.14802123691601388,0.9484816910221854,0.029419046733317827,0.20964360587002095,0.006121772721031231,0.9193408614148958,0.08888888888888889,Jung Journal | Taylor & Francis
13247,Local Governance and Planning,2025,221,1.908939321694699,0.560787317530655,0.1819317551550519,0.7408989939110421,0.48106854089685425,0.0,0.0020080321285140565,0.6324883196072221,0.31446540880503143,Przegląd Prawa i Administracji | Wrocław University Press
13571,"Corporeality, Perception, and Education",2025,221,9.104113135601885,0.8763970506522367,0.3577710013091404,0.9434607714498092,1.193351221317592,0.0,0.004140786749482401,0.9503475961435103,0.09545454545454546,Phenomenology Humanities and Sciences | None
14390,Real estate and construction management,2025,220,1.8477794089742436,0.42362168570900804,0.02947263300037406,0.9442952233861138,0.2674245956904649,0.0,0.0014367816091954023,0.8323321292441105,0.20270270270270271,Wohnrechtliche Blätter | Verlag Österreich
14369,Diverse Interdisciplinary Research Innovations,2025,217,9.386299447723482,0.6876492284434641,0.2493091517698658,0.8020637552975861,0.39464346574008263,0.0,0.0043859649122807015,0.974010471397231,0.13679245283018868,Korean Association for Educational Information and Media | None
13688,Shallot Cultivation and Analysis,2025,216,2.5397105541893215,0.32137695508494324,0.07114436764951115,0.6842074670243684,0.2620084657276995,0.0,0.0019011406844106464,0.7782222507393409,0.13157894736842105,E3S Web of Conferences | EDP Sciences
13427,Latin American Literature Analysis,2025,216,1.9950601001968524,0.43636176564145834,0.17337661265698578,0.9032590058628797,0.3014148728191594,0.0,0.0053573247663841654,0.7997092103035256,0.11494252873563218,Recherches | Presses universitaires de Strasbourg
14274,Education and Vocational Training,2025,215,1.5121609390884934,0.27118171475631925,0.1268424567798414,0.6157787177605681,1.3358156737133262,0.0,0.00903861298975158,0.9503658345373264,0.1794871794871795,International Journal of Research and Innovation in Social Science | None
12641,Historical and socio-economic studies of Spain and related regions,2024,215,1.6900758359493717,0.322436378890207,0.08966337798110802,0.8307401634361566,0.12514139274894862,0.0,0.000676132521974307,0.6535596477158024,0.13609467455621302,Revista Española de Investigaciones Sociológicas | Centro de Investigaciones Sociológicas
13808,Construction Engineering and Safety,2025,214,1.5400846966935084,0.26838390949455987,-0.001261367322052287,0.8759560915779531,0.13957381175928005,0.25348542458808615,0.021675428487418075,0.9099791399676045,0.12121212121212122,Buildings | Multidisciplinary Digital Publishing Institute
13529,Education Systems and Policies,2025,214,5.954994160548233,0.6239514530042171,0.2525090365036502,0.6915333163799838,0.33828018144607347,0.0,0.0015008034894398532,0.9742087731100924,0.0966183574879227,Jurnal Ilmiah Profesi Pendidikan | None
13287,Robotic Process Automation Applications,2025,213,3.1752680812669563,0.11317296098803876,0.00885175542145955,0.5455940847888744,0.9810030770433441,0.6431537094302625,0.030639335308108705,0.8852510432067241,0.09137055837563451,Procedia Computer Science | Elsevier BV
13613,"Health, Education, and Cultural Studies",2025,209,1.9894994168110052,0.6269308424053857,0.20657586416190554,0.9476259032613327,0.053013674329325196,0.0,0.010515357335115239,0.9051312475213509,0.0913978494623656,International Journal of Technology Assessment in Health Care | Cambridge University Press
13693,Smart Systems and Machine Learning,2021,207,8.208537751017964,0.8497232644016136,0.05616277094841715,0.7101695232217828,0.533222747560318,0.0,0.025913201629353688,0.9857674723812616,0.7696078431372549,Journal of Physics Conference Series | IOP Publishing
12711,Immigration and Intercultural Education,2024,207,1.9783165864120198,0.412506570258915,0.21607533774615062,0.7093944966212825,1.3893967577362731,0.0,0.0009157509157509159,0.765355755698547,0.18579234972677597,Revista Española de Investigaciones Sociológicas | Centro de Investigaciones Sociológicas
13256,Archaeology and Rock Art Studies,2025,206,1.6200902272568392,0.17942066549801372,0.06675964469673978,0.6686567882635837,2.7514721348344815,1.0568515381130577,0.0038623429445241437,0.6748634766153015,0.12738853503184713,Arts | Multidisciplinary Digital Publishing Institute
13100,Comparative Animal Anatomy Studies,2025,205,1.5219342690552162,0.1824470840995484,0.08897008578204657,0.7006709922233165,0.3291858635726801,0.16666666666666666,0.01050753728811587,0.7316900634318987,0.10975609756097561,International Journal of Advanced Biochemistry Research | None
14322,"Art, Aesthetics, and Perception",2024,204,1.6593844688981576,0.4765576900105776,0.11861464403319255,0.9372188342923296,0.28518493276997553,0.0,0.0019102196752626551,0.8572972628094605,0.10759493670886076,Indes | Vandenhoeck & Ruprecht
14114,Digital Media and Philosophy,2025,204,1.5070947093935647,0.24997535739528728,0.07855324629478,0.7901746064292965,0.31035830300365924,0.0,0.0022371364653243847,0.919107629894604,0.058823529411764705,Leonardo | The MIT Press
14072,Immunotoxicology and immune responses,2025,204,1.6265518480712229,0.1994700000576236,0.08694907083993408,0.6671570377343189,0.448896521245497,0.8375682288725766,0.06531739348849334,0.8382319355964615,0.14619883040935672,Toxicology Letters | Elsevier BV
14406,Multidisciplinary Science and Engineering Research,2025,202,2.4270769181261436,0.6665607133642897,0.14787243156481455,0.8553385142357778,0.40793343380868285,0.0,0.008201058201058202,0.9706875417480924,0.3604060913705584,Cirugía Española | Elsevier BV
13956,Sociopolitical Dynamics in Nepal,2025,202,2.479484415461512,0.561300909140691,0.24839093731861617,0.8326847703385849,0.3895307164509298,0.0,0.004728132387706856,0.8875805675805676,0.13186813186813187,Africa Research Bulletin Economic Financial and Technical Series | None
11726,Organizational Management and Innovation,2024,201,2.6413393554088023,0.5971191051601079,0.20269664248188102,0.9077353745403537,0.09370891491663198,0.0,0.0008676335547993302,0.8438234464650871,0.22085889570552147,Ciencia y Desarrollo | None
